Symbol,Name,Last,Change,%Chg,Open,High,Low,Volume,Time
A,"Agilent Technologies",133.47,0.46000000000001,+0.35%,133.14,133.7,131.62,551568,"13:05 ET"
AA,"Alcoa Corp",36.56,-0.75,-2.01%,37.75,38.15,36.59,1646866,"13:06 ET"
AAL,"American Airlines Gp",16.5,0.030000000000001,+0.18%,16.65,16.795,16.55,9322014,"13:07 ET"
AAON,"Aaon Inc",124.22,1.65,+1.35%,124.35,126.79,123.5,120662,"13:04 ET"
AAP,"Advance Auto Parts Inc",41.92,-1.05,-2.44%,43.45,44.16,41.17,770119,"13:05 ET"
AAPL,"Apple Inc",250.04,1.99,+0.80%,247.5,251.85,247.0949,24856886,"13:07 ET"
ABBV,"Abbvie Inc",172.63,-0.39,-0.23%,172.93,173.88,170.3411,1964551,"13:06 ET"
ABNB,"Airbnb Inc Cl A",128.05,0.51000000000001,+0.40%,129.13,131.08,128.06,1875076,"13:06 ET"
ABT,"Abbott Laboratories",112.64,0.70999999999999,+0.63%,111.54,112.83,111.28,2147159,"13:07 ET"
ACGL,"Arch Capital Grp Ltd",89.68,0.97000000000001,+1.09%,88.83,90.03,88.83,590538,"13:07 ET"
ACHC,"Acadia Healthcr Company",38.52,-0.53,-1.36%,39.19,39.38,38.22,478637,"13:01 ET"
ACI,"Albertsons Companies Inc Cl A",19.09,0.14,+0.74%,18.87,19.27,18.75,3261151,"13:07 ET"
ACM,"Aecom Technology Corp",106.76,-0.17,-0.16%,108.25,109.0299,106.8,179407,"13:06 ET"
ACN,"Accenture Plc",370.65,23.04,+6.63%,365,376.91,363.1934,3267267,"13:06 ET"
ADBE,"Adobe Systems Inc",444.63,3.32,+0.75%,443.41,449,440.2,2082977,"13:07 ET"
ADC,"Agree Realty Corp",70.76,0.14,+0.20%,70.59,71.48,70.35,377615,"13:06 ET"
ADI,"Analog Devices",208.95,1.18,+0.57%,209.6,210.61,207.23,1275731,"13:06 ET"
ADM,"Archer Daniels Midland",49.72,-0.13,-0.26%,50,50.35,49.57,1060329,"13:06 ET"
ADP,"Automatic Data Procs",292.45,3.95,+1.37%,287.63,293.9699,287.63,598676,"13:06 ET"
ADSK,"Autodesk Inc",293.42,0.59000000000003,+0.20%,293.65,297.82,290.94,486350,"13:07 ET"
ADT,"ADT Inc",6.78,-0.05,-0.73%,6.87,6.92,6.76,2365810,"13:07 ET"
AEE,"Ameren Corp",89.15,2.22,+2.55%,86.92,88.05,86.4,559693,"13:07 ET"
AEP,"American Electric Power Company",91.83,0.92,+1.01%,90.55,91.97,90.42,877467,"13:07 ET"
AES,"The Aes Corp",12.36,-0.14,-1.12%,12.45,12.58,12.24,6551137,"13:07 ET"
AFG,"American Financial Group",136.02,1.38,+1.02%,135.44,137.335,135.44,89622,"13:04 ET"
AFL,"Aflac Inc",101.56,1.19,+1.19%,100.91,102.04,100.59,693377,"13:07 ET"
AFRM,"Affirm Holdings Inc Cl A",62.83,-0.51,-0.81%,64.72,67.35,62.5001,5622260,"13:07 ET"
AGCO,"Agco Corp",88.49,-5.64,-5.99%,94.68,96.98,88.4106,1440958,"13:07 ET"
AGNC,"Agnc Investment Corp",9.28,-0.03,-0.32%,9.37,9.48,9.24,10883189,"13:05 ET"
AGO,"Assured Guaranty Ltd",85.72,-0.05,-0.06%,86.26,87.005,85.7,70284,"13:02 ET"
AGR,"Avangrid Inc",35.73,0.23999999999999,+0.68%,35.5,35.72,35.5,330231,"13:06 ET"
AIG,"American International Group",71.42,1.42,+2.03%,70.53,71.67,70.51,1957627,"13:07 ET"
AIZ,"Assurant Inc",209.54,1.9,+0.92%,208.67,210.81,208.055,75551,"13:00 ET"
AJG,"Arthur J. Gallagher & Company",279.63,1.14,+0.41%,278.77,282.15,276.9043,868978,"13:06 ET"
AKAM,"Akamai Technologies",94.78,0.66,+0.70%,94.72,95.615,94.26,546566,"13:07 ET"
AL,"Air Lease Corp Cl A",47.1,0.050000000000004,+0.11%,47.71,48.14,46.72,287498,"13:06 ET"
ALAB,"Astera Labs Inc",121.95,-0.52,-0.42%,124.145,128.9737,119.02,2476161,"13:07 ET"
ALB,"Albemarle Corp",89,-1.54,-1.70%,91.5,93.84,88.74,1091500,"13:06 ET"
ALGM,"Allegro Microsystems Inc",20.79,-0.25,-1.19%,21.21,21.52,20.68,562246,"13:06 ET"
ALGN,"Align Technology",211.84,-0.85,-0.40%,215,218.8217,211.64,422986,"13:03 ET"
ALK,"Alaska Air Group",64.07,1.63,+2.61%,62.98,64.76,62.81,1169297,"13:07 ET"
ALL,"Allstate Corp",190.72,1.47,+0.78%,189.66,192.07,188.3815,345210,"13:07 ET"
ALLE,"Allegion Plc",130.6,-1.88,-1.42%,132.66,133.58,130.525,534935,"13:06 ET"
ALLY,"Ally Financial",34.47,-0.14,-0.40%,35.16,35.46,34.26,1344327,"13:07 ET"
ALNY,"Alnylam Pharmaceuticals",236.05,-1.87,-0.79%,238.11,242.87,233.41,259725,"13:06 ET"
ALSN,"Allison Transmission Holdings",106.29,-0.56,-0.52%,108.67,109.46,106.47,194887,"13:06 ET"
AM,"Antero Midstream Corp",14.51,0.29,+2.04%,14.35,14.655,14.3087,2506698,"13:07 ET"
AMAT,"Applied Materials",162.1,-3.35,-2.02%,162.7854,165.24,161.66,3802892,"13:07 ET"
AMCR,"Amcor Plc",9.46,0.020000000000001,+0.21%,9.46,9.54,9.42,5641812,"13:07 ET"
AMD,"Adv Micro Devices",119.5,-1.91,-1.57%,122.16,123.38,119.3,23793075,"13:07 ET"
AME,"Ametek Inc",181.43,0.67000000000002,+0.37%,182.36,183.05,181.04,432531,"13:07 ET"
AMED,"Amedisys Inc",85.03,0.060000000000002,+0.07%,84.91,85.47,84.86,317359,"13:06 ET"
AMG,"Affiliated Managers Group",179.2,0.70999999999998,+0.40%,180.11,182.27,178.32,90084,"13:06 ET"
AMGN,"Amgen Inc",259.12,0.34000000000003,+0.13%,258,259.87,253.3,1429800,"13:07 ET"
AMH,"American Homes 4 Rent",36.77,0.81,+2.25%,35.92,37.02,35.8,1291105,"13:07 ET"
AMKR,"Amkor Technology",25.25,-0.3,-1.17%,25.62,25.94,25.0823,456034,"13:07 ET"
AMP,"Ameriprise Financial Services",525.62,1.6900000000001,+0.32%,529.31,534.1325,523.84,145464,"13:07 ET"
AMT,"American Tower Corp",181.52,-3.33,-1.80%,183.44,184.5,180.47,2032866,"13:05 ET"
AMTM,"Amentum Holdings Inc",19.06,-1.27,-6.25%,20.33,20.5664,19.08,1470495,"13:07 ET"
AMZN,"Amazon.com Inc",224.32,3.8,+1.72%,224.91,226.09,222.92,16970053,"13:07 ET"
AN,"Autonation Inc",167.93,0.72,+0.43%,170.74,172.23,167.57,232376,"13:04 ET"
ANET,"Arista Networks Inc",108.96,0.89,+0.82%,110.31,112.12,108.13,2275469,"13:07 ET"
ANSS,"Ansys Inc",337.96,4.26,+1.28%,335.46,342.02,335.46,168885,"13:07 ET"
AON,"AON Plc",354.42,1.84,+0.52%,353.29,355.84,352.98,224977,"13:06 ET"
AOS,"Smith A.O. Corp",68.61,-0.3,-0.44%,68.94,69.92,68.76,436816,"13:06 ET"
APA,"Apa Corp",20.35,-0.49,-2.35%,21.27,21.36,20.3198,2676369,"13:07 ET"
APD,"Air Products and Chemicals",292.81,-2.5,-0.85%,296.15,297.81,293.34,284919,"13:05 ET"
APG,"Api Group Corp",36.54,-0.5,-1.35%,37.35,37.62,36.52,451002,"13:07 ET"
APH,"Amphenol Corp",69.89,-0.21,-0.30%,70.98,71.83,69.7004,3083899,"13:07 ET"
APLS,"Apellis Pharmaceuticals Inc",33.29,-0.73,-2.15%,34.13,34.25,32.88,631130,"13:04 ET"
APO,"Apollo Asset Management Inc",170.87,3.43,+2.05%,170.05,173.56,169.43,3016896,"13:07 ET"
APP,"Applovin Corp Cl A",315.73,2.66,+0.85%,315.4,331,312.71,2372314,"13:07 ET"
APPF,"Appfolio Cl A",250.88,-0.47,-0.19%,254.05,258.15,250.18,85789,"13:05 ET"
APTV,"Aptiv Plc",57.05,0.4,+0.71%,57.07,57.135,55.745,2451009,"13:07 ET"
AR,"Antero Resources Corp",30.9,0.35,+1.15%,31.48,31.61,30.86,1324418,"13:07 ET"
ARE,"Alexandria Real Estate Equities",98.77,0.83999999999999,+0.86%,99.01,99.66,97.48,660807,"13:05 ET"
ARES,"Ares Management LP",170.87,1.65,+0.98%,172.6,174.83,170.43,486311,"13:06 ET"
ARMK,"Aramark Holdings Corp",37.42,0.07,+0.19%,37.81,38.16,37.41,699591,"13:07 ET"
ARW,"Arrow Electronics",115.19,-0.61,-0.53%,116,116.9418,114.79,156938,"13:04 ET"
AS,"Amer Sports Inc",27.4,-0.29,-1.05%,28.1,28.1499,27.21,1005835,"13:05 ET"
ASH,"Ashland Inc",72.08,-0.72,-0.99%,72.8,73.84,72.05,228502,"13:04 ET"
ATI,"Ati Inc",54.2,-0.01,-0.02%,54.25,55.29,53.835,535128,"13:06 ET"
ATO,"Atmos Energy Corp",139.11,2.7,+1.98%,136.12,139.36,136.05,293404,"13:06 ET"
ATR,Aptargroup,159.64,1.43,+0.90%,158.51,161.57,158.23,129834,"13:04 ET"
AVB,"Avalonbay Communities",220.04,0.20999999999998,+0.10%,220.94,222.8199,219.85,181103,"13:06 ET"
AVGO,"Broadcom Ltd",220.2,-3.42,-1.53%,227.91,228.05,217.76,20775310,"13:07 ET"
AVT,"Avnet Inc",52.66,-0.15,-0.28%,53,53.585,52.62,224758,"13:07 ET"
AVTR,"Avantor Inc",20.93,-0.18,-0.85%,21.06,21.08,20.7,1228489,"13:07 ET"
AVY,"Avery Dennison Corp",187.26,0.41,+0.22%,186.58,189.68,186.55,180736,"13:07 ET"
AWI,"Armstrong World Industries Inc",142.1,-1.62,-1.13%,144.1,146.48,142.02,75165,"13:06 ET"
AWK,"American Water Works",125.02,0.58999999999999,+0.47%,123.88,125.45,123.845,559860,"13:06 ET"
AXON,"Axon Enterprise Inc",612.34,2.38,+0.39%,620.54,626.58,608,295735,"13:03 ET"
AXP,"American Express Company",292,4.22,+1.47%,293.02,296.86,291.2,1239086,"13:07 ET"
AXS,"Axis Capital Holdings",88.19,-0.01,-0.01%,88.72,90.01,88,202928,"13:06 ET"
AXTA,"Axalta Coating Systems Ltd",34.54,-0.47,-1.34%,35.06,35.42,34.46,904837,"13:07 ET"
AYI,"Acuity Brands Inc",301.78,1.3099999999999,+0.44%,302.95,308.98,301.345,172489,"13:00 ET"
AZEK,"The Azek Company Cl A",48.06,-0.91,-1.86%,49.38,49.6192,47.95,871676,"13:05 ET"
AZO,Autozone,3217.38,-21.14,-0.65%,3266.08,3266.08,3209.25,35189,"13:06 ET"
AZPN,"Aspen Technology",248.9,2.6,+1.06%,247.33,249.45,246.22,195584,"13:04 ET"
AZTA,"Azenta Inc",49.22,-0.43,-0.87%,49.37,50.04,48.79,525155,"13:07 ET"
BA,"Boeing Company",176.63,4.01,+2.32%,175,179.2,173.72,7615872,"13:06 ET"
BAC,"Bank of America Corp",43.43,-0.07,-0.16%,43.97,44.48,43.43,16858903,"13:07 ET"
BAH,"Booz Allen Hamilton Holding Corp",128.29,-5.08,-3.81%,134,135.23,128.01,812910,"13:06 ET"
BALL,"Ball Corporation",55.54,-0.07,-0.13%,55.5,56.51,55.14,655830,"13:07 ET"
BAX,"Baxter International Inc",29.25,0.34,+1.18%,28.72,29.31,28.6152,2001090,"13:07 ET"
BBWI,"Bath & Body Works Inc",38.42,-0.06,-0.16%,38.84,39.045,37.65,1107143,"13:07 ET"
BBY,"Best Buy Company",84.52,-1.49,-1.73%,86.63,87.07,84.17,951312,"13:07 ET"
BC,"Brunswick Corp",67.19,-0.77,-1.13%,68.2,69.809,67.085,449541,"13:06 ET"
BDX,"Becton Dickinson and Company",224.09,0,0.00%,223.33,225.35,222.82,1125880,"13:07 ET"
BEN,"Franklin Resources",20.03,-0.11,-0.55%,20.31,20.675,20.0439,1486569,"13:07 ET"
BEPC,"Brookfield Renewable Corp",27.97,-0.1,-0.36%,28.38,28.46,27.98,252246,"13:06 ET"
BERY,"Berry Global Group",64.89,0.23,+0.36%,65.1,65.6,64.61,415981,"13:07 ET"
BF.A,"Brown Forman Inc Cl A",40.97,0.33,+0.81%,40.69,41.17,40.6421,41873,"13:02 ET"
BFAM,"Bright Horizons Family Solutions Inc",105.53,0.5,+0.48%,104.99,106.6802,104.51,153440,"13:02 ET"
BF.B,"Brown Forman Inc Cl B",41.57,0.29,+0.70%,41.54,41.79,41.25,596054,"13:06 ET"
BG,"Bunge Ltd",77.86,-1.27,-1.60%,79.61,80.2395,77.95,454452,"13:05 ET"
BHF,"Brighthouse Financial Inc",46.68,0.71,+1.54%,46.28,47.16,46.28,123815,"13:03 ET"
BIIB,"Biogen Inc",146.48,-0.31,-0.21%,146.6,148,145.24,633037,"13:07 ET"
BILL,"Bill Holdings Inc",88.25,4.56,+5.45%,89.1,90.74,87.2201,3388523,"13:07 ET"
BIO,"Bio-Rad Laboratories",324.775,0.83499999999998,+0.26%,322.99,326.14,318.27,62202,"12:51 ET"
BIRK,"Birkenstock Holding Plc",56.83,-0.33,-0.58%,57.2,59.06,56.58,1590271,"13:06 ET"
BJ,"Bj's Wholesale Club Holdings Inc",93.9,-0.42,-0.45%,95.7,96.56,93.45,459246,"13:02 ET"
BK,"Bank of New York Mellon Corp",76.55,0.73,+0.96%,76.6,77.4795,75.87,2460063,"13:07 ET"
BKNG,"Booking Holdings Inc",4976,32.65,+0.66%,4997.0801,5020.6602,4946.835,121014,"13:06 ET"
BKR,"Baker Hughes Company",39.63,-0.41,-1.02%,40.97,41.02,39.6,1818520,"13:07 ET"
BLD,"Topbuild Corp",306.67,-11.86,-3.72%,314.64,319.79,307,187290,"13:03 ET"
BLDR,"Builders Firstsource",146.12,-5.91,-3.89%,149.68,151.0699,145.67,1182785,"13:06 ET"
BLK,"Blackrock Inc",1018.47,-1.83,-0.18%,1040.52,1040.88,1016.0401,255031,"13:04 ET"
BMRN,"Biomarin Pharmaceuticals",65.12,0.43000000000001,+0.66%,64.63,65.345,63.93,517344,"13:06 ET"
BMY,"Bristol-Myers Squibb Company",56.45,-0.39,-0.69%,56.85,57.19,56.11,3831592,"13:07 ET"
BOKF,"Bok Financial Corp",107.73,-1.01,-0.93%,109.78,111.29,107.41,82361,"13:02 ET"
BPOP,"Popular Inc",90.17,0.15000000000001,+0.17%,91.57,92.73,90.37,350073,"13:06 ET"
BR,"Broadridge Financial Solutions Llc",223.92,0.82999999999998,+0.37%,223.29,225.7,223.215,108442,"13:02 ET"
BRBR,"Bellring Brands Inc Cl A",76.68,1.2,+1.59%,75.76,77.09,75.76,216453,"13:03 ET"
BRK.B,"Berkshire Hathaway Cl B",451.7,5.11,+1.14%,451.73,453.67,449.05,1472548,"13:07 ET"
BRKR,"Bruker Corp",54.76,-0.62,-1.12%,56.22,56.71,54.62,630967,"13:07 ET"
BRO,"Brown & Brown",102.38,1.45,+1.44%,101.39,102.8841,101.24,461134,"13:07 ET"
BROS,"Dutch Bros Inc Cl A",52.68,1.41,+2.75%,52.24,53.4,52.13,1076260,"13:07 ET"
BRX,"Brixmor Property Group Inc",27.47,-0.19,-0.69%,27.775,27.98,27.43,719962,"13:07 ET"
BSX,"Boston Scientific Corp",88.57,0.53999999999999,+0.61%,88.04,88.87,87.7193,2051269,"13:05 ET"
BSY,"Bentley Systems Inc Cl B",47.65,0.47,+1.00%,47.51,48.78,46.98,481650,"13:07 ET"
BURL,"Burlington Stores Inc",283.38,1.04,+0.37%,285,289.31,282.86,211250,"13:02 ET"
BWA,"Borgwarner Inc",31.45,-0.5,-1.56%,32.24,32.255,31.48,925468,"13:07 ET"
BWXT,"Bwx Technologies Inc",112.88,-0.84,-0.74%,114.95,115.2315,112.63,540642,"13:03 ET"
BX,"Blackstone Inc",169.05,-2.65,-1.54%,174.25,174.5917,169.51,2307282,"13:07 ET"
BXP,"Bxp Inc",73.98,-0.25,-0.34%,74.59,75.09,72.7,461079,"13:07 ET"
BYD,"Boyd Gaming Corp",71.05,0.23999999999999,+0.34%,71.72,72.3,71.07,303928,"13:07 ET"
C,"Citigroup Inc",68.61,0.48999999999999,+0.72%,69.21,69.84,68.44,6299783,"13:07 ET"
CACC,"Credit Acceptance",459.3,-9.57,-2.04%,471.77,473.4199,459.375,18268,"13:01 ET"
CACI,"Caci International",399.25,-4.08,-1.01%,405,409.48,399.02,69366,"13:06 ET"
CAG,"Conagra Brands Inc",26.84,-0.53,-1.94%,26.95,27.2,26.345,3850364,"13:06 ET"
CAH,"Cardinal Health",116.6,0.69,+0.60%,115.715,116.75,114.9982,483481,"13:07 ET"
CAR,"Avis Budget Group",81.27,-2.21,-2.65%,84.72,85.79,81.1793,235737,"13:02 ET"
CARR,"Carrier Global Corp",67.04,0.010000000000005,+0.01%,67.5,68.39,66.95,2301743,"13:06 ET"
CART,"Maplebear Inc [Instacart]",41.84,-0.11,-0.26%,42.06,42.69,41.63,1642920,"13:07 ET"
CASY,"Casey's General Stor",408.96,2.8,+0.69%,406.74,413.07,404.67,82586,"13:04 ET"
CAT,"Caterpillar Inc",360.87,-3.02,-0.83%,368.44,369.57,360.47,807802,"13:07 ET"
CAVA,"Cava Group Inc",117.12,-0.08,-0.07%,119.1,120.5,115.53,1454504,"13:07 ET"
CB,"Chubb Ltd",275.25,3.68,+1.36%,271.57,276.12,271.57,705810,"13:07 ET"
CBOE,"CBOE Global Markets Inc",197.52,-2.55,-1.27%,199.19,200.35,197.185,300594,"13:06 ET"
CBRE,"CBRE Group Inc",126.52,-2.4,-1.86%,129.66,131.33,126.61,882098,"13:07 ET"
CBSH,"Commerce Bancshares",62.54,-1.33,-2.08%,64.06,65.45,62.59,307493,"13:04 ET"
CC,"Chemours Company",17.44,0.080000000000002,+0.46%,17.49,17.85,17.33,698465,"13:06 ET"
CCCS,"CCC Intelligent Solutions Hldgs Inc",11.77,0.039999999999999,+0.34%,11.82,11.86,11.695,2231914,"13:07 ET"
CCI,"Crown Castle Inc",91.79,-1.11,-1.19%,92.05,92.77,91.51,1908325,"13:06 ET"
CCK,"Crown Cork & Seal Company",81.9,-0.97,-1.17%,82.59,83.45,82.1,508135,"13:05 ET"
CCL,"Carnival Corp",24.87,0.050000000000001,+0.20%,25,25.445,24.77,9521761,"13:07 ET"
CDNS,"Cadence Design Sys",301.45,0.20999999999998,+0.07%,304.67,306.81,299.875,533350,"13:07 ET"
CDW,"CDW Corp",172.85,1.36,+0.79%,171.5,173.545,171.2,373822,"13:05 ET"
CE,"Celanese Corp",67.38,-0.56,-0.82%,68.15,68.74,67.21,789221,"13:06 ET"
CEG,"Constellation Energy Corp",226.43,0.67000000000002,+0.30%,228.86,233.79,225.62,1236111,"13:07 ET"
CELH,"Celsius Holdings Inc",27.36,0.27,+1.00%,27.45,27.95,26.72,4639479,"13:07 ET"
CERT,"Certara Inc",10.34,-0.58,-5.31%,10.95,11.0876,10.31,500631,"13:05 ET"
CF,"Cf Industries Holdings",83.86,-0.57,-0.68%,85.43,86.23,83.79,532775,"13:07 ET"
CFG,"Citizens Financial Group Inc/Ri",42.21,-0.45,-1.05%,43.66,43.91,42.35,1504338,"13:07 ET"
CFLT,"Confluent Inc Cl A",28.55,-0.91,-3.09%,29.68,29.8999,28.35,2789643,"13:07 ET"
CFR,"Cullen/Frost Bankers",131.19,0.40000000000001,+0.31%,133.07,134.5675,131.07,187895,"13:07 ET"
CG,"The Carlyle Group",49.02,0.050000000000004,+0.10%,49.97,50.33,49.05,929156,"13:04 ET"
CGNX,"Cognex Corp",35.94,0.33,+0.93%,35.98,36.41,35.69,733676,"13:07 ET"
CHD,"Church & Dwight Company",106.13,0.27,+0.26%,105.5,106.45,104.79,441943,"13:07 ET"
CHDN,"Churchill Downs IN",132.72,3.17,+2.45%,130.76,134.09,130.76,186065,"13:03 ET"
CHE,"Chemed Inc",522.54,3.9499999999999,+0.76%,518.42,523.64,517.37,48658,"13:06 ET"
CHH,"Choice Hotels International",141.74,1.58,+1.13%,141.91,143.93,141.61,63034,"13:02 ET"
CHRD,"Chord Energy Corp",110.46,-1.08,-0.97%,113.49,114.285,110.32,318699,"13:07 ET"
CHRW,"C.H. Robinson Ww",105.44,-1.01,-0.95%,107,107.6,105.15,381129,"13:06 ET"
CHTR,"Charter Communications Inc",353.58,-4.68,-1.31%,356.88,361.65,352.2,317808,"13:04 ET"
CI,"The Cigna Group",277.35,-5.06,-1.79%,280.87,284.675,270.22,1460526,"13:07 ET"
CIEN,"Ciena Corp",84.56,0.64,+0.76%,85.5,86.16,84.0501,868412,"13:07 ET"
CINF,"Cincinnati Financial",142.74,0.55000000000001,+0.39%,142.71,144.44,141.67,245766,"13:07 ET"
CIVI,"Civitas Resources Inc",42.92,-0.58,-1.33%,44.51,44.78,42.85,680498,"13:06 ET"
CL,"Colgate-Palmolive Company",93.2,0.45,+0.49%,92.66,93.62,92.11,1990941,"13:07 ET"
CLF,"Cleveland-Cliffs Inc",9.27,-0.27,-2.83%,9.65,9.82,9.13,9696916,"13:07 ET"
CLH,"Clean Harbors",233.78,-1.27,-0.54%,236.52,240.24,233.3706,95532,"13:04 ET"
CLVT,"Clarivate Analytics Plc",4.86,-0.14,-2.80%,4.98,5.03,4.805,2260481,"13:07 ET"
CLX,"Clorox Company",163.34,1.62,+1.00%,160.93,163.59,160.36,485208,"13:06 ET"
CMA,"Comerica Inc",59.84,-1.29,-2.11%,61.91,62.32,59.78,901032,"13:07 ET"
CMCSA,"Comcast Corp A",37.31,-0.55,-1.45%,37.95,38.04,37.405,7421809,"13:07 ET"
CME,"CME Group Inc",239.21,2.13,+0.90%,236.83,240.18,236.6975,757179,"13:07 ET"
CMG,"Chipotle Mexican Grill",61.77,0.43,+0.70%,62.01,62.75,61.25,3196514,"13:06 ET"
CMI,"Cummins Inc",351.72,1.03,+0.29%,355.01,358.2214,351.25,204100,"13:06 ET"
CMS,"Cms Energy Corp",66.28,0.43000000000001,+0.65%,65.66,66.21,65.47,583823,"13:07 ET"
CNA,"CNA Financial Corp",47.73,0.61,+1.29%,47.18,47.87,47.11,70736,"13:07 ET"
CNC,"Centene Corp",59.4,-0.09,-0.15%,59.14,60.17,58.27,2356049,"13:07 ET"
CNH,"CNH Industrial N.V.",10.92,-0.12,-1.09%,11.15,11.195,10.9,5298650,"13:07 ET"
CNM,"Core & Main Inc Cl A",50.15,-0.08,-0.16%,50.83,51.485,49.95,1077817,"13:07 ET"
CNP,"Centerpoint Energy Inc",31.88,0.44,+1.40%,31.31,32.01,31.27,2924323,"13:07 ET"
CNXC,"Concentrix Corp",39.92,0.23,+0.58%,40,40.8422,39.56,263208,"13:02 ET"
COF,"Capital One Financial Corp",174.54,0.099999999999994,+0.06%,178.93,180.24,174.82,1814778,"13:07 ET"
COHR,"Coherent Corp",95.15,-2.18,-2.24%,99.35,100.88,95,1242039,"13:07 ET"
COIN,"Coinbase Global Inc Cl A",269.85,-10.01,-3.58%,290.64,295.483,271.51,6916158,"13:07 ET"
COKE,"Coca-Cola Consolidated Inc",1221.45,10.17,+0.84%,1211,1231.45,1211,10323,"12:59 ET"
COLB,"Columbia Banking Sys",26.36,-0.44,-1.64%,27.3,27.71,26.44,882372,"13:07 ET"
COLD,"Americold Realty Trust",21.38,-0.32,-1.47%,21.63,21.85,21.0101,982813,"13:07 ET"
COLM,"Columbia Sprtswr",87.28,-0.37,-0.42%,87.76,88.57,87.05,126753,"13:07 ET"
COO,"Cooper Companies",91.8,-0.59,-0.64%,92.35,92.72,91.22,478302,"13:06 ET"
COP,Conocophillips,95.28,-0.57,-0.59%,96.99,96.99,95.37,3786685,"13:06 ET"
COR,"Cencora Inc",226.22,-0.77,-0.34%,225.34,227.01,224.39,768332,"13:07 ET"
COST,"Costco Wholesale",957.88,-6.86,-0.71%,974.51,974.64,953.51,932338,"13:07 ET"
COTY,"Coty Inc",6.97,-0.02,-0.29%,7,7.1,6.9382,1316551,"13:04 ET"
CPAY,"Corpay Inc",339.02,-0.15,-0.04%,341.06,345,339.28,161842,"13:06 ET"
CPB,"The Campbell's Company",41.75,0.090000000000003,+0.22%,41.52,41.79,41.225,762490,"13:07 ET"
CPNG,"Coupang Inc Cl A",22.7,0.14,+0.62%,22.79,23.125,22.65,2488424,"13:06 ET"
CPRI,"Capri Holdings Ltd",20.71,-0.47,-2.22%,21.15,21.29,20.75,1130450,"13:07 ET"
CPRT,"Copart Inc",58.56,-0.41,-0.70%,58.98,59.29,58.44,988804,"13:07 ET"
CPT,"Camden Property Trust",114.26,0.91000000000001,+0.80%,113.33,115.06,113.1,164911,"13:04 ET"
CR,"Crane Company",152.69,-0.68,-0.44%,155.26,157.3,152.5,121015,"13:07 ET"
CRH,"CRH Plc ADR",93.16,-0.55,-0.59%,94.12,95.18,93.03,1782836,"13:07 ET"
CRI,"Carter's Inc",54.86,-0.15,-0.27%,54.98,55.5421,54.5849,247314,"13:00 ET"
CRL,"Charles River Laboratories Intl",180.47,-2.69,-1.47%,183.2,185.05,180.2062,213164,"13:06 ET"
CRM,"Salesforce Inc",337.93,0.69999999999999,+0.21%,341.695,343.53,336.74,3442452,"13:07 ET"
CROX,"Crocs Inc",105.09,-1.76,-1.65%,108.39,109.36,105.4,551026,"13:07 ET"
CRUS,"Cirrus Logic Inc",99.87,-0.75,-0.75%,101.2,101.77,99.22,237157,"13:05 ET"
CRWD,"Crowdstrike Holdings Inc",353.49,4.31,+1.23%,364.93,365,349.75,2115771,"13:07 ET"
CSCO,"Cisco Systems Inc",57.6,0.07,+0.12%,57.39,58.14,57.34,6634966,"13:07 ET"
CSGP,"Costar Group Inc",70.28,-0.49,-0.69%,70.65,72.1,69.95,1051191,"13:07 ET"
CSL,"Carlisle Companies Inc",378.24,-5.85,-1.52%,385.19,391.38,379.03,158799,"13:06 ET"
CSX,"CSX Corp",31.77,-0.31,-0.97%,32.12,32.46,31.685,4011851,"13:06 ET"
CTAS,"Cintas Corp",184.08,-20.31,-9.94%,192.66,193.69,182.71,2503329,"13:07 ET"
CTLT,"Catalent Inc",63.48,0,0.00%,63.49,63.5,63.44,13881999,2024-12-17
CTRA,"Coterra Energy Inc",23.72,-0.02,-0.08%,24.05,24.15,23.72,2033198,"13:07 ET"
CTSH,"Cognizant Tech Sol",79.11,0.84999999999999,+1.09%,78.64,79.83,78.64,1436340,"13:07 ET"
CTVA,"Corteva Inc",56.35,-0.06,-0.11%,56.79,56.93,56.35,936981,"13:06 ET"
CUBE,Cubesmart,42.3,-1.01,-2.33%,43.28,43.73,42.29,726665,"13:07 ET"
CUZ,"Cousins Properties Inc",30.01,0.63,+2.14%,29.66,30.15,29.5,688652,"13:07 ET"
CVNA,"Carvana Company Cl A",225.2,-7.82,-3.36%,241.75,245.315,224.7101,1930400,"13:07 ET"
CVS,"CVS Corp",44.14,-1.14,-2.52%,44.29,45.29,43.6,8181539,"13:07 ET"
CVX,"Chevron Corp",141.77,-2.31,-1.60%,144.57,144.76,141.425,6218315,"13:07 ET"
CW,"Curtiss-Wright Corp",354.03,9.1799999999999,+2.66%,348.76,356.175,347.815,105842,"13:06 ET"
CWEN,"Clearway Energy Inc Cl C",26.15,0.22,+0.85%,26.03,26.55,25.92,329874,"13:07 ET"
CWE.A,"Clearway Energy Inc [Cwen.A]",24.52,0.19,+0.78%,24.41,24.76,24.31,168391,"13:05 ET"
CXT,"Crane Nxt CO",56.71,-0.36,-0.63%,57.54,57.54,56.64,224732,"13:07 ET"
CZR,"Caesars Entertainment Inc",32.98,-0.9,-2.66%,34.245,34.93,32.94,3534204,"13:07 ET"
D,"Dominion Energy Inc",53.4,0.77,+1.46%,52.67,53.42,52.44,1788563,"13:06 ET"
DAL,"Delta Air Lines Inc",59.43,0.55,+0.93%,59.69,60.436,58.87,3500653,"13:07 ET"
DAR,"Darling International Inc",33.4,-0.29,-0.86%,33.87,34.82,32.83,811542,"13:07 ET"
DASH,"Doordash Inc Cl A",167.37,1.98,+1.20%,167.3,168.995,166.15,1326871,"13:07 ET"
DAY,"Dayforce Inc",72.97,-0.62,-0.84%,74.26,75.25,72.34,928696,"13:06 ET"
DBX,"Dropbox Inc",29.89,0.55,+1.87%,29.83,30.21,29.75,1167895,"13:07 ET"
DCI,"Donaldson Company",67.79,-0.51,-0.75%,68.65,69.14,67.85,227998,"13:06 ET"
DD,"Dupont Denemours Inc",76.93,-0.69,-0.89%,78.11,78.4,76.96,603686,"13:06 ET"
DDOG,"Datadog Inc Cl A",147.71,-2.49,-1.66%,150.5,151.7099,145.87,3032962,"13:07 ET"
DDS,Dillard's,431.25,-3.28,-0.75%,435.66,444.625,431.835,31004,"13:04 ET"
DE,"Deere & Company",423.69,-2.31,-0.54%,428.07,431.06,421.97,631045,"13:04 ET"
DECK,"Deckers Outdoor Corp",202.94,1.46,+0.72%,203.35,208.1,202.22,559785,"13:07 ET"
DELL,"Dell Technologies Inc",111.39,-1.28,-1.14%,114.23,115.51,111.7,4321766,"13:07 ET"
DFS,"Discover Financial Services",168.92,0.66,+0.39%,173.7,174.84,169.2702,853965,"13:07 ET"
DG,"Dollar General Corp",74.23,-1.71,-2.25%,75.58,75.82,72.81,1969638,"13:06 ET"
DGX,"Quest Diagnostics Inc",151.25,-0.07,-0.05%,150.13,151.65,149.07,244886,"13:06 ET"
DHI,"D.R. Horton",136.86,-4.91,-3.46%,135.4,140.73,135.0033,2186625,"13:06 ET"
DHR,"Danaher Corp",227.6,-0.7,-0.31%,228.1,231.07,226.815,1457436,"13:06 ET"
DINO,"HF Sinclair Corp",33.63,-1.07,-3.08%,34.88,35.0667,33.6,993556,"13:07 ET"
DIS,"Walt Disney Company",112.04,0.69000000000001,+0.62%,111.66,112.91,111.66,3569945,"13:07 ET"
DJT,"Trump Media & Technology Group Corp",35.33,0.009999999999998,+0.03%,35.5,36.64,34.92,5550343,"13:07 ET"
DKNG,"Draftkings Inc",38.86,0.11,+0.28%,39,39.32,38.26,4075120,"13:07 ET"
DKS,"Dick's Sporting Goods Inc",217.48,2.56,+1.19%,218.2,222.07,215.51,378361,"13:04 ET"
DLB,"Dolby Laboratories",77.23,0.060000000000002,+0.08%,77.55,77.99,76.7,80857,"13:03 ET"
DLR,"Digital Realty Trust",177.78,0.81999999999999,+0.46%,177.52,180.7,177.24,820189,"13:06 ET"
DLTR,"Dollar Tree Inc",69.5,0.23,+0.33%,69.47,69.66,68.17,937610,"13:07 ET"
DNB,"Dun & Bradstreet Holdings Inc",12.3,0.11,+0.90%,12.21,12.36,12.18,1872417,"13:07 ET"
DOC,"Healthpeak Properties Inc",19.87,-0.11,-0.55%,19.96,20.28,19.84,1790149,"13:06 ET"
DOCS,"Doximity Inc Cl A",54.89,2.7,+5.17%,52.26,55.3041,52.26,1373867,"13:07 ET"
DOCU,"Docusign Inc",93.82,1.11,+1.20%,94.06,95.42,92.42,1219937,"13:07 ET"
DOV,"Dover Corp",189.51,0.69999999999999,+0.37%,190.93,192.23,188.73,215730,"13:07 ET"
DOW,"Dow Inc",39.24,-0.91,-2.27%,40.06,40.58,39.125,4070042,"13:07 ET"
DOX,"Amdocs Ltd Ord",86.14,0.53,+0.62%,85.91,86.99,85.06,262940,"13:07 ET"
DPZ,"Domino's Pizza Inc",422.72,-7.99,-1.86%,436.4,437.75,421.39,291870,"13:07 ET"
DRI,"Darden Restaurants",183.97,24.1,+15.07%,177.715,188.82,176.84,2460412,"13:07 ET"
DT,"Dynatrace Inc",53.38,-0.16,-0.30%,54.14,54.26,52.9727,874347,"13:06 ET"
DTE,"Dte Energy Company",118.96,1.43,+1.22%,116.92,118.87,116.65,294752,"13:06 ET"
DTM,"Dt Midstream Inc",98.76,3.35,+3.51%,98.3,99.485,96.86,404918,"13:06 ET"
DUK,"Duke Energy Corp",107.82,2.06,+1.95%,105.88,107.81,105.74,1207649,"13:07 ET"
DUOL,"Duolingo Inc Cl A",335.81,3,+0.90%,345.16,345.74,332.8682,197745,"13:05 ET"
DV,"Doubleverify Holdings Inc",19.58,-0.27,-1.36%,19.97,20.16,19.545,720494,"13:03 ET"
DVA,"Davita Healthcare Partners Inc",147.2,0.44,+0.30%,147.12,148.29,145.99,195981,"13:05 ET"
DVN,"Devon Energy Corp",30.62,-0.48,-1.54%,31.45,31.66,30.64,6258754,"13:06 ET"
DXC,"Dxc Technology Company",21.41,0.58,+2.78%,21.11,21.84,21.11,359511,"13:04 ET"
DXCM,"Dexcom Inc",75.24,-0.02,-0.03%,75.64,75.83,74.5,986296,"13:07 ET"
EA,"Electronic Arts Inc",149.19,-0.73,-0.49%,150.12,151.4,148.94,832704,"13:06 ET"
EBAY,"Ebay Inc",63.88,-0.23,-0.36%,64.4,65.63,63.72,1958337,"13:06 ET"
ECG,"Everus Construction Group Inc",66.49,-2.01,-2.93%,68.82,69.98,65.87,513418,"13:05 ET"
ECL,"Ecolab Inc",236.48,-1.18,-0.50%,236.51,239.26,235.62,419428,"13:07 ET"
ED,"Consolidated Edison Company",89.91,1.04,+1.17%,88.68,90.03,88.37,759803,"13:05 ET"
EEFT,"Euronet Worldwide",102.83,0.84999999999999,+0.83%,103.02,104.815,102.36,113317,"13:06 ET"
EFX,"Equifax Inc",252.04,-4.79,-1.87%,256.54,259.63,252.295,412090,"13:06 ET"
EG,"Everest Re Group",351.18,2.85,+0.82%,347.88,351.745,347.75,144949,"13:05 ET"
EGP,"Eastgroup Properties",159.88,-1.32,-0.82%,161.2,163.09,159.69,139512,"13:07 ET"
EHC,"Encompass Health Corp",94.42,0.11,+0.12%,94.19,95.3559,93.86,150356,"13:06 ET"
EIX,"Edison International",78.65,0.39,+0.50%,77.95,78.81,77.4173,772290,"13:07 ET"
EL,"Estee Lauder Companies",74.49,-0.47,-0.63%,74.99,76.4,73.89,1397017,"13:07 ET"
ELAN,"Elanco Animal Health Inc",11.7,-0.03,-0.26%,11.62,11.9,11.5,2159074,"13:07 ET"
ELF,"E.L.F. Beauty Inc",126.23,-0.97,-0.76%,127.01,128.965,123.4909,517079,"13:06 ET"
ELS,"Equity Lifestyle Properties",67.48,0.82000000000001,+1.23%,66.43,67.62,66.43,311189,"13:06 ET"
ELV,"Elevance Health Inc",365.73,-0.53,-0.14%,365.1,370.9,362.21,879353,"13:06 ET"
EME,"Emcor Group",462.7,-1.72,-0.37%,470.18,477.21,461.655,117841,"13:06 ET"
EMN,"Eastman Chemical Company",90.43,-0.52,-0.57%,91.22,92.27,90.39,344892,"13:06 ET"
EMR,"Emerson Electric Company",122.54,0.16000000000001,+0.13%,124.22,125.38,122.15,1394073,"13:07 ET"
ENOV,"Enovis Corp",42.2,-1.08,-2.50%,43.44,43.74,41.71,390175,"13:03 ET"
ENPH,"Enphase Energy Inc",65.12,-3.68,-5.35%,68.19,68.9999,65.3,1784558,"13:07 ET"
ENTG,"Entegris Inc",100.02,-2.21,-2.16%,102.15,102.89,99.03,820003,"13:07 ET"
EOG,"Eog Resources",118.18,-1.45,-1.21%,120.69,121.075,118.26,1224594,"13:07 ET"
EPAM,"Epam Systems Inc",245.35,6.24,+2.61%,244.02,253.08,243.3,271705,"13:02 ET"
EPR,"Entertainment Properties Trust",43.55,0.37,+0.86%,43.25,43.82,43.15,244910,"13:07 ET"
EQH,"Axa Equitable Holdings Inc",44.73,0.37,+0.83%,45.16,45.8,44.68,977804,"13:06 ET"
EQIX,"Equinix Inc",930.2,3.8200000000001,+0.41%,925.01,938.955,925,195576,"13:05 ET"
EQR,"Equity Residential",70.75,0.56,+0.80%,70.33,71.39,70.05,398270,"13:06 ET"
EQT,"Eqt Corp",42.79,0.25,+0.59%,43.59,43.73,42.79,2627123,"13:07 ET"
ES,"Eversource Energy",56.54,0.38,+0.68%,56.15,56.7,55.97,866220,"13:07 ET"
ESAB,"Esab Corp",120.97,-2.91,-2.35%,125.04,127.29,120.87,130997,"13:06 ET"
ESI,"Element Solutions Inc",25.26,-0.42,-1.64%,25.77,25.89,25.19,514266,"13:06 ET"
ESS,"Essex Property Trust",284.25,0.25999999999999,+0.09%,283.62,287,282.13,92121,"13:06 ET"
ESTC,"Elastic N.V.",103.66,-0.25,-0.24%,105.67,106.88,103.3694,567991,"13:07 ET"
ETN,"Eaton Corp",335.98,0.86000000000001,+0.26%,339.9,340.1,334.33,914476,"13:06 ET"
ETR,"Entergy Corp",74.71,1.52,+2.08%,73.63,74.7,73.43,1293159,"13:07 ET"
ETSY,"Etsy Inc",55.92,-0.72,-1.27%,57.21,58.16,55.685,1867052,"13:06 ET"
EVR,"Evercore Partners Inc",272.18,-0.32,-0.12%,278.29,281.2085,272.15,136641,"13:06 ET"
EVRG,"Evergy Inc",61.08,0.58,+0.96%,60.34,61.15,60.23,1043611,"13:07 ET"
EW,"Edwards Lifesciences Corp",73.03,0.22,+0.30%,72.9,73.8,72.29,2555455,"13:06 ET"
EWBC,"East West Bancorp",94.89,-0.21,-0.22%,96.65,97.25,94.43,578995,"13:07 ET"
EXAS,"Exact Sciences Cor",56.12,-1.26,-2.20%,57.27,57.44,55.65,727081,"13:02 ET"
EXC,"Exelon Corp",37.44,0.88,+2.41%,36.62,37.3381,36.49,4184960,"13:07 ET"
EXE,"Expand Energy Corporation",94.32,-0.18,-0.19%,95.75,96.1,94.25,1278526,"13:05 ET"
EXEL,"Exelixis Inc",33.58,-0.08,-0.24%,33.39,34.155,33.2,938600,"13:07 ET"
EXP,"Eagle Materials Inc",252.05,-5.05,-1.96%,258.02,260.96,252.18,117192,"13:05 ET"
EXPD,"Expeditors Intl",112.79,-1.54,-1.35%,114.27,114.95,112.98,369568,"13:07 ET"
EXPE,"Expedia Group Inc",178.82,2.59,+1.47%,179,180.647,176.79,489090,"13:04 ET"
EXR,"Extra Space Storage Inc",144.47,-3.19,-2.16%,147.34,148.74,144.03,369485,"13:04 ET"
F,"Ford Motor Company",9.72,0.030000000000001,+0.31%,9.79,9.945,9.7,37571289,"13:07 ET"
FAF,"First American Corp",61.06,-1.08,-1.74%,62.21,63.545,61.13,203667,"13:05 ET"
FANG,"Diamondback Energy",154.29,-1.79,-1.15%,158.6,159.34,153.8,1011610,"13:06 ET"
FAST,"Fastenal Company",74.31,-0.34,-0.46%,74.93,75.54,74.03,1105222,"13:07 ET"
FBIN,"Fortune Brands Innovations Inc",68.6,-1.42,-2.03%,69.76,70.73,68.66,236889,"13:07 ET"
FCN,"Fti Consulting",196.9,4.07,+2.11%,192.78,197.41,192,94924,"13:04 ET"
FCNCA,"First Citizens Bancs",2067.38,38.02,+1.87%,2033.25,2099.82,2033.25,59352,"13:03 ET"
FCX,"Freeport-Mcmoran Inc",37.96,-0.75,-1.94%,38.74,39.22,37.915,5495111,"13:06 ET"
FDS,"Factset Research Systems Inc",488.87,15.82,+3.34%,459.15,496.9,459.15,290751,"13:06 ET"
FDX,"Fedex Corp",273.77,0.60999999999996,+0.22%,274.52,278.48,273.185,929420,"13:07 ET"
FE,"Firstenergy Corp",39.65,0.51,+1.30%,39.2,39.64,39.04,859754,"13:07 ET"
FERG,"Ferguson Enterprises Inc",175.07,-2.41,-1.36%,177.065,179.93,174.34,730911,"13:04 ET"
FFIV,"F5 Inc",250.31,-1.69,-0.67%,252.45,255.43,249.38,150230,"13:05 ET"
FHB,"First Hawaiian Inc",25.21,0.02,+0.08%,25.57,25.84,25.14,278276,"13:06 ET"
FHN,"First Horizon Corp",19.22,0.11,+0.58%,19.49,19.65,19.12,2165603,"13:07 ET"
FI,"Fiserv Inc",203.86,2.1,+1.04%,203.51,205.64,202.3,779052,"13:07 ET"
FICO,"Fair Isaac and Company",2039.2,-11.9,-0.58%,2055.1399,2091.96,2039.79,73287,"13:07 ET"
FIS,"Fidelity National Information Services",80.46,0.11999999999999,+0.15%,80.97,81.47,80.46,694193,"13:07 ET"
FITB,"Fifth Third Bancorp",42.18,-0.41,-0.96%,43.15,43.55,42.23,2024874,"13:07 ET"
FIVE,"Five Below Inc",106.61,0.28,+0.26%,106.49,109.09,104.65,494531,"13:05 ET"
FIVN,"Five9 Inc",40.83,-0.41,-0.99%,41.59,42.05,40.25,339594,"13:05 ET"
FIX,"Comfort Systems USA",436.6,3.48,+0.80%,443.89,446.7,435.06,157991,"13:05 ET"
FLO,"Flowers Foods",20.66,-0.09,-0.43%,20.68,20.84,20.51,345597,"13:06 ET"
FLS,"Flowserve Corp",57.85,0.4,+0.70%,58.4,58.79,57.83,272962,"13:04 ET"
FMC,"FMC Corp",48.07,-1.04,-2.12%,49.38,49.66,48.18,848851,"13:06 ET"
FNB,"F.N.B. Corp",14.4,-0.18,-1.23%,14.8,14.96,14.415,1798034,"13:07 ET"
FND,"Floor & Decor Holdings Inc",97.83,-3.91,-3.84%,101.34,102.005,97.09,771458,"13:06 ET"
FNF,"Fidelity National Financial",55.15,-0.41,-0.74%,55.67,56.79,55.24,401351,"13:07 ET"
FOUR,"Shift4 Payments Inc",101.43,2.3,+2.32%,101.48,102.7,99.72,636707,"13:07 ET"
FOX,"Fox Corp Cl B",46.12,-0.41,-0.88%,46.24,46.58,45.58,362635,"13:07 ET"
FOXA,"Fox Corp Cl A",48.99,-0.44,-0.89%,49.19,49.56,48.405,1475364,"13:07 ET"
FR,"First Industrial Realty Trust",49.82,-0.24,-0.48%,50.02,50.58,49.69,360700,"13:07 ET"
FRPT,"Freshpet Inc CS",140.32,-0.35,-0.25%,140.76,143.48,139.43,184056,"13:06 ET"
FRT,"Federal Realty Investment Trust",111.24,1.31,+1.19%,109.99,111.82,109.95,230954,"13:07 ET"
FSLR,"First Solar Inc",177.67,-6.6,-3.58%,183.59,185.17,178.31,1007612,"13:06 ET"
FTI,"Technipfmc Plc",28.38,-0.47,-1.63%,29.8,30.03,28.41,1632234,"13:07 ET"
FTNT,"Fortinet Inc",94.61,1.25,+1.34%,95.94,96.865,94.23,1815941,"13:07 ET"
FTRE,"Fortrea Holdings Inc",17.95,-0.42,-2.29%,18.34,18.63,17.82,410030,"13:06 ET"
FTV,"Fortive Corp",73.17,-0.49,-0.67%,73.86,74.435,72.73,963866,"13:07 ET"
FWONA,"Liberty Media Formula One Sr A",85.25,1.6,+1.91%,84.79,85.28,83.95,63345,"12:58 ET"
FWONK,"Liberty Media Formula One Sr C",94.36,1.78,+1.92%,93.41,94.69,93,402939,"13:05 ET"
FYBR,"Frontier Communications Parent Inc",34.79,0.13,+0.38%,34.7,34.81,34.7,1308659,"13:07 ET"
G,"Genpact Ltd",42.22,0.15,+0.36%,42.41,42.92,42.19,541903,"13:07 ET"
GAP,"Gap Inc",23.82,0.044999999999998,+0.19%,23.53,24.15,23.25,1986564,"13:07 ET"
GD,"General Dynamics Corp",261.08,-1.19,-0.45%,259.95,262.83,257.88,691081,"13:07 ET"
GDDY,"Godaddy Inc",203.01,2.88,+1.44%,202.24,205.05,200.85,366468,"13:05 ET"
GE,"GE Aerospace",164.18,4.23,+2.64%,163.03,165.14,162.18,2197686,"13:07 ET"
GEHC,"GE Healthcare Technologies Inc",77.51,0.42,+0.54%,77.31,78.18,76.95,1199119,"13:07 ET"
GEN,"Gen Digital Inc",27.55,-0.18,-0.65%,27.9,28.06,27.533,962037,"13:07 ET"
GEV,"GE Vernova Inc",332,14.88,+4.69%,324.95,334,322.51,1843567,"13:07 ET"
GFS,"Globalfoundries Inc",41.69,-0.7,-1.65%,42.18,42.49,41.24,548074,"13:06 ET"
GGG,"Graco Inc",84.47,1.05,+1.26%,84.63,85.3,83.95,250223,"13:07 ET"
GILD,"Gilead Sciences Inc",90.7,0.010000000000005,+0.01%,90.4,91.48,90.27,2495432,"13:06 ET"
GIS,"General Mills",64.76,0.85000000000001,+1.33%,63.5,64.96,63.36,2163285,"13:07 ET"
GL,"Globe Life Inc",105.56,1.13,+1.08%,104.85,106.24,104.06,241770,"13:05 ET"
GLOB,"Globant S.A.",222.38,6.29,+2.91%,221.43,229.81,220.57,321128,"13:07 ET"
GLPI,"Gaming & Leisure",46.99,-0.11,-0.23%,47.11,47.68,46.8,471296,"13:07 ET"
GLW,"Corning Inc",47.01,0.5,+1.08%,46.85,47.51,46.69,2192487,"13:07 ET"
GM,"General Motors Company",50.36,0.37,+0.74%,50.62,51.335,50.4,4475205,"13:07 ET"
GME,"Gamestop Corp",29.06,0.51,+1.79%,29.155,30.6,28.91,6612967,"13:07 ET"
GMED,"Globus Medical Inc",82.05,0.27,+0.33%,82.56,83.46,81.68,324312,"13:02 ET"
GNRC,"Generac Holdings Inc",156.15,-1.64,-1.04%,159.35,160.79,156.32,245284,"13:05 ET"
GNTX,"Gentex Corp",29.1,-0.21,-0.72%,29.57,29.73,28.955,452652,"13:07 ET"
GO,"Grocery Outlet Holding Corp",16.7,0.16,+0.97%,16.62,16.8983,16.27,524419,"13:06 ET"
GOOG,"Alphabet Cl C",191.65,1.5,+0.79%,193.28,194.6,190.85,11169843,"13:07 ET"
GOOGL,"Alphabet Cl A",190.49,2.09,+1.11%,191.625,193.03,189.32,14134094,"13:07 ET"
GPC,"Genuine Parts Company",115.5,-0.09,-0.08%,115.64,117.2,114.85,457919,"13:05 ET"
GPK,"Graphic Packaging Holding Company",27.18,-0.38,-1.38%,27.57,27.92,27.21,713017,"13:07 ET"
GPN,"Global Payments Inc",110.34,-0.63,-0.57%,112.17,113.05,109.93,592281,"13:07 ET"
GRAL,"Grail Inc",16.32,-1.77,-9.78%,18.72,19,16.1,1582772,"13:05 ET"
GRMN,"Garmin Ltd",205.41,-0.82,-0.40%,207,208.69,204.46,218315,"13:05 ET"
GS,"Goldman Sachs Group",557.48,7.23,+1.31%,561.44,567,555.445,1379034,"13:07 ET"
GTES,"Gates Industrial Corp Plc",20.3,-0.53,-2.54%,21.06,21.19,20.315,878062,"13:06 ET"
GTLB,"Gitlab Inc Cl A",55.41,-1.83,-3.20%,58,58.87,55.26,1389315,"13:07 ET"
GWRE,"Guidewire Software Inc",172.91,-1.61,-0.92%,174.43,177.5,172.215,452506,"13:07 ET"
GWW,"W.W. Grainger",1085.41,-5.92,-0.54%,1098.7,1103.87,1081.37,126696,"13:06 ET"
GXO,"Gxo Logistics Inc",43.22,-1.89,-4.19%,45.84,46,43.145,1068804,"13:07 ET"
H,"Hyatt Hotels Corp",153.43,2.12,+1.40%,153.24,155.68,152.7795,171330,"13:05 ET"
HAL,"Halliburton Company",25.68,-0.47,-1.80%,26.56,26.62,25.73,5295682,"13:07 ET"
HAS,"Hasbro Inc",57,-1.11,-1.91%,58.22,58.65,57.1,538186,"13:07 ET"
HAYW,"Hayward Holdings Inc",15.43,-0.07,-0.45%,15.5,15.64,15.39,1971788,"13:04 ET"
HBAN,"Huntington Bancshares Inc",15.92,0.0099999999999998,+0.06%,16.18,16.355,15.98,8627625,"13:07 ET"
HCA,"Hca Holdings Inc",298.71,-0.44,-0.15%,298.5,304.6,296.66,847953,"13:06 ET"
HCP,"Hashicorp Inc Cl A",34.17,0.090000000000003,+0.26%,34.09,34.21,34.0662,1451558,"13:06 ET"
HD,"Home Depot",389,-4.82,-1.22%,394.74,395.14,387.45,1774058,"13:07 ET"
HEI,"Heico Corp",235.06,-2.18,-0.92%,238.82,241.1353,233.5,391925,"13:07 ET"
HEI.A,"Heico Corp Cl A",183.26,-1.54,-0.83%,185.73,187.75,182.28,121525,"13:04 ET"
HES,"Hess Corp",128.19,-1.52,-1.17%,131.01,131.23,128.01,729711,"13:06 ET"
HHH,"Howard Hughes Holdings Inc",76.27,0.060000000000002,+0.08%,76.4,77.615,75.3,145968,"13:02 ET"
HIG,"Hartford Financial Services Group",107.22,0.16,+0.15%,107.6,108.769,106.85,478825,"13:07 ET"
HII,"Huntington Ingalls Industries",188.34,-6.1,-3.14%,194.43,195.49,187.39,262112,"13:04 ET"
HIW,"Highwoods Properties",29.69,0.050000000000001,+0.17%,29.77,30.27,29.57,495970,"13:05 ET"
HLI,"Houlihan Lokey",172.19,1.26,+0.74%,173.34,175.38,172,171328,"13:02 ET"
HLT,"Hilton Inc",245.38,2.85,+1.18%,245.23,247.015,243.57,492685,"13:07 ET"
HOG,"Harley-Davidson Inc",30.01,-0.47,-1.54%,30.73,31.24,29.74,728454,"13:06 ET"
HOLX,"Hologic Inc",71.33,-0.14,-0.20%,71.24,72.16,71.21,714696,"13:07 ET"
HON,"Honeywell International Inc",226.58,-0.28,-0.12%,228.62,233.5,226.455,1607420,"13:07 ET"
HOOD,"Robinhood Markets Inc Cl A",36.43,-0.65,-1.75%,38.48,38.68,36.4724,12297872,"13:07 ET"
HPE,"Hewlett Packard Enterprise Comp",20.77,0.18,+0.87%,21.09,21.2,20.8,6470347,"13:07 ET"
HPQ,"HP Inc",32.35,-0.14,-0.43%,32.57,33.14,32.395,2932219,"13:07 ET"
HR,"Healthcare Realty Trust Inc.",16.84,-0.06,-0.36%,16.86,17.195,16.83,1073182,"13:07 ET"
HRB,"H&R Block",53.96,0.47,+0.88%,53.66,54.17,53.09,431041,"13:02 ET"
HRL,"Hormel Foods Corp",31.75,-0.15,-0.47%,31.65,31.94,31.45,758645,"13:07 ET"
HSIC,"Henry Schein Inc",68.69,-1.92,-2.72%,70.15,70.61,68.47,428925,"13:07 ET"
HST,"Host Marriott Financial Trust",17.65,0.099999999999998,+0.57%,17.6,17.8,17.55,2017752,"13:07 ET"
HSY,"Hershey Foods Corp",169.86,-2.6,-1.51%,171.59,172.44,169.13,664907,"13:07 ET"
HUBB,"Hubbell Inc B",423.83,-1.59,-0.37%,432.01,432.01,420.88,214610,"13:00 ET"
HUBS,"Hubspot Inc",696.05,-10.97,-1.55%,715.06,715.37,691.215,342361,"13:05 ET"
HUM,"Humana Inc",233.2,-6.65,-2.77%,237.925,240,231.86,845807,"13:06 ET"
HUN,"Huntsman Corp",17.85,-0.45,-2.46%,18.2,18.41,17.67,1464973,"13:06 ET"
HWM,"Howmet Aerospace Inc",109.65,1.96,+1.82%,109.57,110.8,108.53,1150058,"13:07 ET"
HXL,"Hexcel Corp",62.56,0.95,+1.54%,62.46,63.515,62.04,381727,"13:05 ET"
IAC,"Iac Inc",41.31,-0.9,-2.13%,42.65,43.01,41.08,356475,"13:06 ET"
IBKR,"Interactive Brokers",175.31,1.52,+0.87%,177.18,178.65,175.22,341171,"13:07 ET"
IBM,"International Business Machines",223.09,2.92,+1.33%,224.42,226.2,223,1412277,"13:07 ET"
ICE,"Intercontinental Exchange",149.14,-0.46,-0.31%,150,151.17,148.7,1403828,"13:07 ET"
IDA,"Idacorp Inc",109.84,1.05,+0.97%,108.83,110.3,108.83,92015,"13:07 ET"
IDXX,"Idexx Laboratories",410.9,0.13999999999999,+0.03%,410.77,415.75,407.5201,176358,"13:04 ET"
IEX,"Idex Corp",211.58,-0.07,-0.03%,212.78,215.41,210.87,160535,"13:02 ET"
IFF,"International Flavors & Fragrances",86.59,1.23,+1.44%,84.92,86.75,84.61,434826,"13:07 ET"
ILMN,"Illumina Inc",132.54,-1.49,-1.11%,134.06,135.24,130.31,847696,"13:06 ET"
INCY,"Incyte Corp",66.39,-1.16,-1.72%,68.64,68.64,66.35,490750,"13:01 ET"
INFA,"Informatica Inc Cl A",26.02,-0.05,-0.19%,26.6,26.805,25.84,635999,"13:07 ET"
INGR,"Ingredion Inc",138.59,-3.25,-2.29%,140.96,141.625,137.58,299325,"13:05 ET"
INSP,"Inspire Medical Systems Inc",182.48,-4.49,-2.40%,187.05,189.74,184.06,260943,"13:07 ET"
INTC,"Intel Corp",19.08,-0.22,-1.14%,19.53,19.69,19.12,32755502,"13:07 ET"
INTU,"Intuit Inc",641.92,-7.89,-1.21%,653.76,661.95,643.17,564651,"13:06 ET"
INVH,"Invitation Homes Inc",32.2,0.59,+1.87%,31.62,32.425,31.575,1685525,"13:07 ET"
IONS,"Ionis Pharmaceuticals",35.56,-0.69,-1.90%,36.71,36.91,35.5,626048,"13:04 ET"
IP,"International Paper Company",53.61,-0.03,-0.06%,53.5,53.855,53.05,1304661,"13:05 ET"
IPG,"Interpublic Group of Companies",28.9,-0.17,-0.58%,29.12,29.41,28.9,2625390,"13:07 ET"
IPGP,"Ipg Photonics Corp",73.86,-0.15,-0.20%,74.59,75.35,72.81,87184,"13:02 ET"
IQV,"Iqvia Holdings Inc",189.61,-1.36,-0.71%,190.57,191.565,188.87,605082,"13:05 ET"
IR,"Ingersoll Rand Inc",91.62,-1.25,-1.35%,94.01,94.72,91.81,977269,"13:07 ET"
IRDM,"Iridium Comm Inc",29.35,0.12,+0.41%,29.27,29.82,29.13,242666,"13:04 ET"
IRM,"Iron Mountain Inc",102.7,-0.51,-0.49%,103.73,105.44,102.3,1065792,"13:07 ET"
ISRG,"Intuitive Surg Inc",527.69,1.22,+0.23%,532.735,536.5,526.65,750794,"13:06 ET"
IT,"Gartner Inc",481.8,0.03000000000003,+0.01%,487.34,491.16,482.37,152356,"13:02 ET"
ITCI,"Intra-Cellular Ther",83.62,-3.1,-3.57%,86.59,87.95,83.42,290416,"13:04 ET"
ITT,"ITT Inc",142.64,0.36999999999998,+0.26%,143.76,145.63,142.595,117202,"13:02 ET"
ITW,"Illinois Tool Works Inc",258.35,-2.88,-1.10%,262.43,263.87,258.52,409081,"13:05 ET"
IVZ,"Invesco Plc",16.76,-0.1,-0.59%,17.11,17.2,16.78,1288786,"13:06 ET"
J,"Jacobs Engineering Group Inc",134.15,1.59,+1.20%,133.33,136.31,132.8351,364393,"13:06 ET"
JAZZ,"Jazz Pharma Plc",121.78,0.040000000000006,+0.03%,122.12,124.225,119.14,322944,"13:07 ET"
JBHT,"J B Hunt Transport",167.91,-2.38,-1.40%,170.22,172.845,167.78,352808,"13:05 ET"
JBL,"Jabil Circuit",138.01,-5.68,-3.95%,145.27,145.625,137.78,895573,"13:06 ET"
JCI,"Johnson Controls Intl",78.93,0.11000000000001,+0.14%,80.05,81.34,78.77,1411526,"13:07 ET"
JEF,"Jefferies Financial Group Inc",75.82,0.059999999999988,+0.08%,77.22,78.705,75.72,653138,"13:07 ET"
JHG,"Janus Henderson Group Plc",41.51,-0.08,-0.19%,42.18,42.4994,41.53,217985,"13:05 ET"
JKHY,"Jack Henry & Assoc",177.38,0.88,+0.50%,176.7,178.41,175.94,254914,"13:05 ET"
JLL,"Jones Lang Lasalle Inc",247.94,-7.44,-2.91%,255.75,258.895,248.96,106549,"13:06 ET"
JNJ,"Johnson & Johnson",144.55,-0.2,-0.14%,144.14,145.22,143.6,3339405,"13:07 ET"
JNPR,"Juniper Networks",36.88,-0.4,-1.07%,37.57,37.62,36.795,1875896,"13:07 ET"
JPM,"JP Morgan Chase & Company",233.09,2.72,+1.18%,232.27,236.36,232.27,4295338,"13:07 ET"
JWN,Nordstrom,24.16,1.27,+5.55%,23.28,24.46,23.04,1431754,"13:06 ET"
K,Kellanova,80.56,0.17,+0.21%,80.4,80.61,80.4,708790,"13:04 ET"
KBR,"KBR Inc",57.18,1.99,+3.61%,57.54,59.765,56.95,2559065,"13:06 ET"
KD,"Kyndryl Hldgs Inc",34.07,-0.03,-0.09%,34.66,34.9,34.1,521098,"13:06 ET"
KDP,"Keurig Dr Pepper Inc",32.65,0.12,+0.37%,32.36,32.72,32.115,2660307,"13:07 ET"
KEX,"Kirby Corp",104.61,-1.02,-0.97%,107.06,107.89,104.27,306959,"13:05 ET"
KEY,Keycorp,16.82,-0.14,-0.83%,17.26,17.49,16.86,4525405,"13:07 ET"
KEYS,"Keysight Technologies Inc",159.23,-0.98,-0.61%,161.29,162.28,158.82,318112,"13:07 ET"
KHC,"Kraft Heinz Company",30.31,0.009999999999998,+0.03%,30.19,30.47,30.05,4214186,"13:07 ET"
KIM,"Kimco Realty Corp",23.37,0.09,+0.39%,23.28,23.525,23.15,1379546,"13:06 ET"
KKR,"KKR & Company LP",143.83,0.87,+0.61%,146.94,147.71,143.84,1715315,"13:05 ET"
KLAC,"K L A-Tencor Corp",628.46,-2.31,-0.37%,624.16,635.2761,624.04,447650,"13:06 ET"
KMB,"Kimberly-Clark Corp",131.89,1.52,+1.17%,130.74,132.195,130.355,1055368,"13:07 ET"
KMI,"Kinder Morgan",25.98,0.15,+0.58%,26.12,26.28,25.84,5889829,"13:07 ET"
KMPR,"Kemper Corp",64.26,0.55,+0.86%,64.01,64.86,63.71,130226,"13:02 ET"
KMX,"Carmax Inc",83.73,2.31,+2.84%,91.25,91.25,83.94,3144464,"13:07 ET"
KNSL,"Kinsale Capital Group Inc",471.17,4.55,+0.98%,472.63,480.9802,469.815,49371,"13:02 ET"
KNX,"Knight-Swift Transporation Inc",52.57,0.090000000000003,+0.17%,52.91,53.7255,52.42,630493,"13:07 ET"
KO,"Coca-Cola Company",63.1,0.25,+0.40%,62.7,63.13,62.42,6028973,"13:07 ET"
KR,"Kroger Company",61.39,0.5,+0.82%,60.67,61.68,60.32,1188666,"13:07 ET"
KRC,"Kilroy Realty Corp",39.3,0.89,+2.32%,38.68,39.68,38.6,576066,"13:05 ET"
KSS,"Kohl's Corp",14.04,0.17,+1.23%,14.04,14.24,13.88,3557517,"13:06 ET"
KVUE,"Kenvue Inc",21.5,-0.01,-0.05%,21.52,21.73,21.42,4498808,"13:06 ET"
L,"Loews Corp",82.02,0.52,+0.64%,81.88,82.385,80.77,286924,"13:07 ET"
LAD,"Lithia Motors",356.11,-0.89,-0.25%,364.65,373.22,355,121130,"13:02 ET"
LAMR,"Lamar Advertis A",123.13,1.16,+0.95%,122.21,123.75,122.21,237179,"13:07 ET"
LAZ,"Lazard Inc",50.86,0.1,+0.20%,51.73,52.295,50.59,342827,"13:02 ET"
LBRDA,"Liberty Broadband Corp Sr A",76.55,-0.57,-0.74%,76.73,77.555,76.3,67235,"13:02 ET"
LBRDK,"Liberty Broadband Corp Sr C",77.06,-0.74,-0.95%,77.58,78.275,76.89,225468,"13:06 ET"
LBTYA,"Liberty Global Ltd Ord A",12.36,0.1,+0.82%,12.28,12.4,12.12,855013,"13:07 ET"
LBTYK,"Liberty Global Ltd Ord C",13.04,0.09,+0.69%,12.98,13.15,12.86,628608,"13:07 ET"
LCID,"Lucid Group Inc",2.58,0.05,+1.98%,2.56,2.68,2.54,48385035,"13:03 ET"
LDOS,"Leidos Holdings Inc",142.72,-3.33,-2.28%,147.09,147.65,142.17,867374,"13:06 ET"
LEA,"Lear Corp",92.62,-0.39,-0.42%,93.85,94.76,91.7,394167,"13:02 ET"
LECO,"Lincoln Elec Holdings",190.49,-1.09,-0.57%,191.97,194.88,190.51,113298,"13:02 ET"
LEG,"Leggett & Platt Inc",9.75,-0.38,-3.75%,10.14,10.14,9.64,1095922,"13:06 ET"
LEN,"Lennar Corp",137.08,-8.85,-6.06%,137,142.82,135.21,3420557,"13:06 ET"
LEN.B,"Lennar Corp Cl B",131.9,-7.45,-5.35%,130.36,137.41,130.36,34203,"13:03 ET"
LFUS,"Littelfuse Inc",233.32,-2.28,-0.97%,236.25,238.735,233.445,44748,"13:03 ET"
LH,"Laboratory Corp of America Holdings",226.58,0.27000000000001,+0.12%,225.68,228.465,225.15,145622,"13:06 ET"
LHX,"L3Harris Technologies Inc",211.52,-1.9,-0.89%,212.31,216.09,211.25,374587,"13:06 ET"
LII,"Lennox International",621.72,-16.6,-2.60%,660,665.47,621.2292,384207,"13:07 ET"
LIN,"Linde Plc",421.16,-1.11,-0.26%,422.1,425.5725,419.87,930235,"13:07 ET"
LINE,"Lineage Inc",57.58,-1.94,-3.26%,59.5,59.82,57.19,555924,"13:02 ET"
LITE,"Lumentum Holdings",82.71,-0.19,-0.23%,84.4,87.39,82.615,680675,"13:05 ET"
LKQ,"LKQ Corp",36.29,-0.7,-1.89%,37.135,37.35,36.42,886206,"13:07 ET"
LLY,"Eli Lilly and Company",756.44,-8.27,-1.08%,765.1,772.97,752.395,1615296,"13:07 ET"
LLYVA,"Liberty Live Series A",66.71,0.039999999999992,+0.06%,67.16,67.48,66.57,48149,"13:02 ET"
LLYVK,"Liberty Live Series C",67.65,0.02000000000001,+0.03%,67.89,69.11,67.535,59413,"13:01 ET"
LMT,"Lockheed Martin Corp",479.02,-3.92,-0.81%,480,484,477.305,554815,"13:06 ET"
LNC,"Lincoln National Corp",30.71,0.16,+0.52%,31.15,31.5553,30.6,608823,"13:04 ET"
LNG,"Cheniere Energy",204.24,-2.41,-1.17%,208.66,209.3006,203.4,967645,"13:06 ET"
LNT,"Alliant Energy Corp",58.91,0.76,+1.31%,57.89,58.9,57.89,470218,"13:07 ET"
LNW,"Light & Wonder Inc",86.42,0.15000000000001,+0.17%,86.71,87.9,86.265,172588,"13:02 ET"
LOAR,"Loar Holdings Inc",72.63,-2.05,-2.75%,75.52,76.01,72.335,277964,"13:06 ET"
LOPE,"Grand Canyon Educati",163.16,2.62,+1.63%,161.87,164.2,161.74,39168,"13:02 ET"
LOW,"Lowe's Companies",245.56,-4.25,-1.70%,249,250.63,245.04,1478584,"13:07 ET"
LPLA,"Lpl Financial Holdings",325.75,3.69,+1.15%,330,334.83,325.04,195582,"13:03 ET"
LPX,"Louisiana-Pacific Corp",102.97,-1.07,-1.03%,104.01,105.27,102.94,220184,"13:04 ET"
LRCX,"Lam Research Corp",71.19,-4.01,-5.33%,72.75,72.91,70.1606,8133507,"13:07 ET"
LSCC,"Lattice Semicond",58.21,-0.34,-0.58%,58.46,59.12,57.2,779502,"13:04 ET"
LSTR,"Landstar System",174.02,-0.77,-0.44%,175.1,176.875,173.88,97875,"13:04 ET"
LULU,"Lululemon Athletica",370.69,-1.38,-0.37%,375,377.5,368.66,641566,"13:07 ET"
LUV,"Southwest Airlines Company",32.56,0.090000000000003,+0.28%,32.78,33.075,32.355,1825814,"13:06 ET"
LVS,"Las Vegas Sands",51.4,0.38,+0.74%,51.52,51.76,50.91,1227643,"13:06 ET"
LW,"Lamb Weston Holdings Inc",60.8,-17.42,-22.27%,65.96,68.79,59.97,7224622,"13:07 ET"
LYB,"Lyondellbasell Industries NV",73.18,-1.62,-2.17%,74.76,75.4681,73.0516,1284313,"13:07 ET"
LYFT,"Lyft Inc Cl A",13.44,-0.17,-1.25%,13.76,13.885,13.4133,5456438,"13:05 ET"
LYV,"Live Nation Entertainment",132.1,-0.49,-0.37%,134.04,134.47,131.953,350290,"13:07 ET"
M,"Macy's Inc",15.82,-0.03,-0.19%,16.06,16.19,15.7554,2067550,"13:07 ET"
MA,"Mastercard Inc",525.09,5.13,+0.99%,524.16,529.22,522.2,883175,"13:07 ET"
MAA,"Mid-America Apartment Communities",151.87,1,+0.66%,150.45,152.95,150.25,188468,"13:06 ET"
MAN,"Manpower Inc",56.78,-0.42,-0.73%,57.28,57.67,56.28,215823,"13:02 ET"
MANH,"Manhattan Assoc",283.72,2.09,+0.74%,285.29,287.48,282.845,81105,"13:03 ET"
MAR,"Marriot Int Cl A",278.85,1.2,+0.43%,281.2,282.79,278.185,449415,"13:07 ET"
MAS,"Masco Corp",72.73,-1.23,-1.66%,73.39,74.3911,72.72,492379,"13:06 ET"
MASI,"Masimo Corp",168.08,-2.55,-1.49%,170.75,173.12,167.975,132546,"13:03 ET"
MAT,"Mattel Inc",17.76,-0.39,-2.15%,18.14,18.32,17.755,927151,"13:05 ET"
MCD,"McDonald's Corp",291.89,1.01,+0.35%,290.88,292.61,288.847,1196215,"13:07 ET"
MCHP,"Microchip Technology",56.58,0.44,+0.78%,56.26,57.71,56.26,2698907,"13:06 ET"
MCK,"Mckesson Corp",572.83,1.85,+0.32%,568.68,575.37,565.97,340650,"13:07 ET"
MCO,"Moody's Corp",464.95,-5.14,-1.09%,469.73,474.38,464.035,322685,"13:07 ET"
MDB,"Mongodb Inc Cl A",247.28,-5.39,-2.13%,252.48,255.9,243.3,1406556,"13:07 ET"
MDLZ,"Mondelez Intl Inc",59.93,-0.09,-0.15%,59.78,60.2,59.33,3864063,"13:07 ET"
MDT,"Medtronic Inc",80.07,0.039999999999992,+0.05%,79.79,80.51,79.52,2821195,"13:07 ET"
MDU,"Mdu Res Group Inc",18.04,0.42,+2.38%,17.72,18.14,17.675,664402,"13:02 ET"
MEDP,"Medpace Holdings Inc",333.27,2.27,+0.69%,332.04,335.96,326.9182,148568,"13:06 ET"
MET,"Metlife Inc",80.02,1.23,+1.56%,79.52,80.41,79.03,1859628,"13:07 ET"
META,"Meta Platforms Inc",601.19,4,+0.67%,610.39,611.52,599.19,5802768,"13:07 ET"
MGM,"MGM Resorts International",33.34,-0.46,-1.36%,34.1,34.38,33.285,1887510,"13:06 ET"
MHK,"Mohawk Industries",115.85,-3.25,-2.73%,119.15,120.225,115.95,212237,"13:07 ET"
MIDD,"Middleby Corp",131.85,-1.69,-1.27%,133.7,135.3999,131.255,384019,"13:07 ET"
MKC,"Mccormick & Company",78.57,-0.6,-0.76%,78.42,79.19,77.96,405845,"13:07 ET"
MKL,"Markel Corp",1697.52,20.06,+1.20%,1709,1710,1685.2238,19521,"13:06 ET"
MKSI,"Mks Instruments Inc",102.68,-1.48,-1.42%,104.32,105.85,102.42,290000,"13:06 ET"
MKTX,"Marketaxess Holdings",228.89,-3.62,-1.56%,232.21,235.65,228.68,189047,"13:07 ET"
MLM,"Martin Marietta Materials",525.88,-9.76,-1.82%,537.1,541.66,524.72,145601,"13:05 ET"
MMC,"Marsh & Mclennan Companies",211.15,1.26,+0.60%,209.88,212.95,209.34,477656,"13:07 ET"
MMM,"3M Company",126.15,0.62,+0.49%,126.65,127.42,125.71,1022681,"13:07 ET"
MNST,"Monster Beverage Corp",51,-0.54,-1.05%,51.3,51.44,50.4806,1700608,"13:07 ET"
MO,"Altria Group",53.3,0.049999999999997,+0.09%,53.43,53.78,53.03,3068197,"13:07 ET"
MOH,"Molina Healthcare Inc",296.03,-0.56,-0.19%,294.83,296.78,289.95,333633,"13:06 ET"
MORN,"Morningstar Inc",338.2,0.69999999999999,+0.21%,338.35,340.415,336.39,40488,"13:05 ET"
MOS,"Mosaic Company",23.75,-0.53,-2.18%,24.39,24.56,23.8,1450448,"13:06 ET"
MP,"MP Materials Corp",16.42,-0.31,-1.85%,16.95,17.2,16.42,1330271,"13:05 ET"
MPC,"Marathon Petroleum Corp",131.05,-4.01,-2.97%,135.83,136.81,131.21,1327550,"13:06 ET"
MPW,"Medical Properties Trust",3.85,-0.07,-1.79%,3.95,3.975,3.825,7200756,"13:04 ET"
MPWR,"Monolithic Power Sys",590.53,-7.54,-1.26%,611.77,612.995,590.31,313556,"13:07 ET"
MRK,"Merck & Company",99.41,1.07,+1.09%,98.56,99.56,97.82,4382907,"13:07 ET"
MRNA,"Moderna Inc",38.97,0.61,+1.59%,38.56,39.19,37.44,3731763,"13:07 ET"
MRVL,"Marvell Technology Inc",108.83,3.55,+3.37%,107.715,110.3792,106.67,10284326,"13:07 ET"
MS,"Morgan Stanley",120.99,-0.05,-0.04%,124.78,124.94,120.95,2977910,"13:07 ET"
MSA,"Msa Safety Inc",166.03,1.57,+0.95%,165.8,168.15,165.31,83433,"13:03 ET"
MSCI,"MSCI Inc",600.45,2.5500000000001,+0.43%,596.19,606.2,593.26,179412,"13:07 ET"
MSFT,"Microsoft Corp",439.47,2.08,+0.48%,441.62,443.1834,438.33,7394934,"13:07 ET"
MSGS,"Madison Square Garden Sports Corp",224.02,-2.35,-1.04%,228.86,229.46,224.32,32496,"13:04 ET"
MSI,"Motorola Solutions",465.39,2.71,+0.59%,464.48,469.95,463.25,232830,"13:07 ET"
MSM,"Msc Industrial Direct Company",77.33,-0.98,-1.25%,78.47,79.27,77.41,162208,"13:02 ET"
MSTR,"Microstrategy Cl A",327.29,-22.35,-6.39%,365.44,367.5,323.95,13523079,"13:07 ET"
MTB,"M&T Bank Corp",185.56,-0.59,-0.32%,190.43,191.49,185.67,495264,"13:06 ET"
MTCH,"Match Group Inc",31,-0.08,-0.26%,31.13,31.67,30.98,1211246,"13:07 ET"
MTD,"Mettler-Toledo International",1203.98,-10.46,-0.86%,1213.72,1219.515,1198.25,36425,"13:07 ET"
MTDR,"Matador Resources Company",52.75,-0.67,-1.25%,54.59,54.89,52.69,429123,"13:05 ET"
MTG,"Mgic Investment Corp",23.4,0.02,+0.09%,23.45,23.8425,23.39,485904,"13:07 ET"
MTN,"Vail Resorts",180.89,-1.24,-0.68%,183.91,184.38,180.84,120490,"13:02 ET"
MTSI,"Macom Technology S",136.1,3.61,+2.72%,131.81,136.38,131.3506,315539,"13:07 ET"
MTZ,"Mastec Inc",130.81,0.099999999999994,+0.08%,133.34,135.9,130.47,189495,"13:05 ET"
MU,"Micron Technology",86.66,-17.24,-16.59%,90.075,91,84.61,61878324,"13:07 ET"
MUSA,"Murphy USA Inc",523.14,2.9399999999999,+0.57%,523.55,526.225,521.26,64167,"13:02 ET"
NBIX,"Neurocrine Bioscienc",135.71,0.26000000000002,+0.19%,135.52,135.99,133.26,336092,"13:06 ET"
NCLH,"Norwegian Cruise Ord",25.02,-0.08,-0.32%,25.56,25.994,24.89,4148891,"13:07 ET"
NCNO,"Ncino Inc",34.47,0.089999999999996,+0.26%,34.96,35.28,34.13,416379,"13:07 ET"
NDAQ,"Nasdaq Inc",77.88,0.41,+0.53%,77.985,78.6295,77.35,936338,"13:07 ET"
NDSN,"Nordson Corp",211.07,-1.72,-0.81%,211.29,218.7,211.29,153267,"13:05 ET"
NEE,"Nextera Energy",70.48,-0.04,-0.06%,70.52,71,70.07,4635328,"13:07 ET"
NEM,"Newmont Mining Corp",36.94,-0.7,-1.86%,37.665,37.915,37.01,5029126,"13:07 ET"
NET,"Cloudflare Inc Cl A",108.3,-0.8,-0.73%,110.37,111.13,107,1482481,"13:06 ET"
NEU,"Newmarket Corp",528.71,6.35,+1.22%,529.23,531.425,521.93,17459,"13:05 ET"
NFE,"New Fortress Energy Llc",11.25,-0.29,-2.51%,11.9,11.99,11.03,2921311,"13:06 ET"
NFG,"National Fuel Gas Company",59.59,0.49,+0.83%,59.23,60.13,59.15,223938,"13:06 ET"
NFLX,"Netflix Inc",902.32,12.77,+1.44%,908.18,912.6215,899,1351366,"13:07 ET"
NI,"NiSource Inc",36.08,0.65,+1.83%,35.36,36.095,35.36,1043536,"13:07 ET"
NKE,"Nike Inc",76.81,-0.09,-0.12%,76.94,77.94,76.43,6918093,"13:07 ET"
NLY,"Annaly Capital Management Inc",18.83,-0.01,-0.05%,18.97,19.25,18.82,3278580,"13:06 ET"
NNN,"NNN REIT Inc",40.61,-0.18,-0.44%,40.84,41.29,40.5,611609,"13:07 ET"
NOC,"Northrop Grumman Corp",466.07,-1.59,-0.34%,466.28,470.41,462.81,227366,"13:06 ET"
NOV,"Nov Inc",14.14,-0.05,-0.35%,14.39,14.63,14.16,1567254,"13:06 ET"
NOW,"Servicenow Inc",1070.65,9.6600000000001,+0.91%,1070.24,1078.4806,1062.52,841321,"13:07 ET"
NRG,"NRG Energy",89.8,0.98999999999999,+1.11%,89.49,90.96,88,669624,"13:07 ET"
NSA,"National Storage Affiliates Tru",37.49,-1.35,-3.48%,38.83,39.26,37.315,326556,"12:59 ET"
NSC,"Norfolk Southern Corp",232.14,-5.66,-2.38%,236.51,239.33,231.72,605682,"13:06 ET"
NTAP,"Netapp Inc",116.53,-1.81,-1.53%,118,119.49,116.23,594313,"13:07 ET"
NTNX,"Nutanix Inc",64.14,0.81,+1.28%,64.08,64.86,63.26,783873,"13:07 ET"
NTRA,"Natera Inc",157.18,1.98,+1.28%,156.33,159.11,153.525,681805,"13:06 ET"
NTRS,"Northern Trust Corp",100.6,0.45999999999999,+0.46%,101.08,102.26,100.39,503048,"13:06 ET"
NU,"Nu Holdings Ltd Cl A",10.24,-0.16,-1.54%,10.68,10.695,10.2,43455350,"13:07 ET"
NUE,"Nucor Corp",115.93,-2.03,-1.72%,118.4,120.12,115.29,1038892,"13:07 ET"
NVDA,"Nvidia Corp",131.67,2.76,+2.14%,131.76,134.03,129.55,120547831,"13:07 ET"
NVR,"NVR Inc",8052.81,-164.34,-2.00%,8075.0098,8165.0151,7986,13612,"13:06 ET"
NVST,"Envista Holdings Corp",17.71,-0.49,-2.69%,18.44,18.79,17.74,668851,"13:03 ET"
NVT,"Nvent Electric Plc",69.15,-0.14,-0.20%,70.29,70.66,69.02,615369,"13:07 ET"
NWL,"Newell Rubbermaid Inc",9.82,-0.31,-3.06%,10.16,10.36,9.79,3525933,"13:05 ET"
NWS,"News Corp Cl B",30.6,-0.01,-0.03%,30.71,31.12,30.59,181649,"13:07 ET"
NWSA,"News Corp Cl A",27.74,0.059999999999999,+0.22%,27.72,28.23,27.7101,465922,"13:06 ET"
NXST,"Nexstar Media Group Inc",157.46,-1.52,-0.96%,159.64,160.99,157.29,128578,"13:06 ET"
NYT,"New York Times Company",53.76,0.66,+1.24%,53.46,54.24,53.34,369099,"13:07 ET"
O,"Realty Income Corp",52.59,-0.22,-0.42%,53.17,53.51,52.64,3221830,"13:06 ET"
OC,"Owens Corning Inc",171.02,-3.42,-1.96%,173.38,175.39,170.42,414178,"13:06 ET"
ODFL,"Old Dominion Freight Line Inc",189.7,-2.07,-1.08%,193.2,194.33,189.8,774401,"13:04 ET"
OGE,"Oge Energy Corp",41.03,0.51,+1.26%,40.51,41.05,40.51,348006,"13:07 ET"
OGN,"Organon & Co.",14.59,0.08,+0.55%,14.53,14.79,14.48,1408954,"13:07 ET"
OHI,"Omega Healthcare Investors",38.24,0.25,+0.66%,38.1,38.5,38.01,573678,"13:07 ET"
OKE,"Oneok Inc",97.6,-0.04,-0.04%,98.63,99.21,97.39,1420418,"13:07 ET"
OKTA,"Okta Inc Cl A",81.38,-0.03,-0.04%,83.83,84.28,80.86,1421391,"13:07 ET"
OLED,"Universal Display",151.48,2.37,+1.59%,150.98,153.79,150.44,235933,"13:06 ET"
OLLI,"Ollies Bargain CS",116.8,2.31,+2.02%,114.68,118.12,113.65,602671,"13:05 ET"
OLN,"Olin Corp",33.65,-0.45,-1.32%,34.1,34.51,33.46,476209,"13:05 ET"
OMC,"Omnicom Group Inc",88.11,0.36,+0.41%,88.49,89.13,87.92,1110578,"13:07 ET"
OMF,"Onemain Holdings Inc",51.31,-0.11,-0.21%,52.44,52.53,51.22,302849,"13:04 ET"
ON,"On Semiconductor",65.12,0.19,+0.29%,66.13,66.97,65.15,2422963,"13:07 ET"
ONTO,"Onto Innovation Inc",167.65,-2.52,-1.48%,169.26,171.962,167.2713,229905,"13:07 ET"
ORCL,"Oracle Corp",168.83,3.42,+2.07%,167.55,171,167.4,3953517,"13:07 ET"
ORI,"Old Republic International Corp",35.74,0.11,+0.31%,35.74,36.34,35.71,517287,"13:05 ET"
ORLY,"O'Reilly Automotive",1223.94,-1.2,-0.10%,1225.14,1234.5,1219.25,96600,"13:06 ET"
OSK,"Oshkosh Truck Corp",94.68,-0.59,-0.62%,96.07,97.3,95.02,266733,"13:03 ET"
OTIS,"Otis Worldwide Corp",93.08,-0.77,-0.82%,93.89,95.03,93.07,637083,"13:07 ET"
OVV,"Ovintiv Inc",37.73,-0.28,-0.74%,38.61,38.92,37.72,743191,"13:07 ET"
OWL,"Blue Owl Capital Inc",23.02,0.18,+0.79%,23.37,23.61,22.95,1832439,"13:07 ET"
OXY,"Occidental Petroleum Corp",45.4,-0.62,-1.35%,46.29,46.66,45.44,7101166,"13:07 ET"
OZK,"Bank Ozk",43.36,-0.43,-0.98%,44.71,45.11,43.57,440663,"13:05 ET"
PAG,"Penske Automotive Group",156.23,-0.29,-0.19%,158.23,159.87,155.87,44582,"13:03 ET"
PANW,"Palo Alto Networks Inc",190.11,1.35,+0.72%,194.44,195.3,188.5015,2127706,"13:07 ET"
PARA,"Paramount Global Cl B",10.65,-0.03,-0.28%,10.72,10.82,10.57,4513632,"13:07 ET"
PARAA,"Paramount Global Cl A",22.06,0.13,+0.59%,22.11,22.15,21.8975,21731,"12:51 ET"
PATH,"Uipath Inc Cl A",12.66,-0.31,-2.39%,13.08,13.21,12.64,5157042,"13:07 ET"
PAYC,"Paycom Software Inc",205.61,-3.88,-1.85%,212.86,213.81,205.56,417481,"13:04 ET"
PAYX,"Paychex Inc",139.12,3.26,+2.40%,140.94,142.68,137.09,1908855,"13:06 ET"
PB,"Prosperity Bancshares",73.92,-1.38,-1.83%,76.39,77.05,73.945,211541,"13:02 ET"
PCAR,"Paccar Inc",107.44,-0.34,-0.32%,108.65,109.55,106.76,553199,"13:07 ET"
PCG,"Pacific Gas & Electric Company",19.6,0.4,+2.08%,19.35,19.71,19.29,6876390,"13:07 ET"
PCOR,"Procore Technologies Inc",75.96,0.20999999999999,+0.28%,76.72,77.8,75.21,688614,"13:07 ET"
PCTY,"Paylocity Holdings Corp",194.35,-0.05,-0.03%,195.24,197.285,193.5,102594,"13:02 ET"
PEG,"Public Service Enterprise Group Inc",83.85,0.86999999999999,+1.05%,82.99,84.01,82.99,657331,"13:07 ET"
PEGA,"Pegasystems Inc",93.17,0.77,+0.83%,93.37,94.33,92.65,114739,"13:06 ET"
PEN,"Penumbra Inc",240.4,1.5,+0.63%,238.71,242.94,235.7548,117393,"13:05 ET"
PENN,"Penn Entertainment Inc",18.29,-0.16,-0.87%,18.69,19.17,18.24,1519747,"13:03 ET"
PEP,"Pepsico Inc",153.63,-0.8,-0.52%,153.09,154.0794,152.13,3033695,"13:07 ET"
PFE,"Pfizer Inc",25.62,-0.27,-1.04%,25.7,26.09,25.6,20984576,"13:07 ET"
PFG,"Principal Financial Group Inc",75.19,0.28,+0.37%,75.37,75.91,74.63,533887,"13:07 ET"
PFGC,"Performance Food Group Company",84.95,-0.2,-0.23%,85.52,86.23,84.67,202698,"13:07 ET"
PG,"Procter & Gamble Company",169.51,0.42999999999998,+0.25%,169.01,169.53,167.35,2408380,"13:07 ET"
PGR,"Progressive Corp",239.88,-0.4,-0.17%,241.04,243.53,239.4,867853,"13:07 ET"
PH,"Parker-Hannifin Corp",637.19,-6.61,-1.03%,651.97,655,637.93,229567,"13:04 ET"
PHM,Pultegroup,108.4,-2.89,-2.60%,107.9,110.715,107.21,1743856,"13:07 ET"
PII,"Polaris Inc",57.14,-1.04,-1.79%,58,59.248,56.87,287701,"13:02 ET"
PINC,"Premier Inc Cl A",21.52,0.39,+1.85%,21.24,21.865,21.16,428984,"13:06 ET"
PINS,"Pinterest Inc",29.49,-0.38,-1.27%,30.15,30.33,29.455,3221868,"13:07 ET"
PK,"Park Hotels & Resorts Inc",14.46,0.050000000000001,+0.35%,14.45,14.65,14.43,858228,"13:06 ET"
PKG,"Packaging Corp of America",227.27,-1.95,-0.85%,229.21,232.95,227.23,278956,"13:06 ET"
PLD,"Prologis Inc",102.57,-1.34,-1.29%,104.63,104.92,101.93,2028475,"13:07 ET"
PLNT,"Planet Fitness",98.78,1.33,+1.36%,98.91,100.23,98.43,303616,"13:07 ET"
PLTK,"Playtika Holding Corp",6.95,-0.17,-2.39%,7.13,7.26,6.97,339572,"13:06 ET"
PLTR,"Palantir Technologies Inc Cl A",74.29,2.78,+3.89%,73.99,76.59,73.37,62795382,"13:07 ET"
PM,"Philip Morris International Inc",123.19,-1.36,-1.09%,124.38,124.69,122.87,2242684,"13:07 ET"
PNC,"PNC Bank",190.3,-1.66,-0.86%,194.29,195.58,190.91,615038,"13:06 ET"
PNFP,"Pinnacle Finl Ptnrs",110.99,-0.06,-0.05%,114.16,115.955,111,356429,"13:07 ET"
PNR,"Pentair Ltd",100.64,-0.53,-0.52%,101.92,102.63,100.73,498709,"13:07 ET"
PNW,"Pinnacle West Capital Corp",85.6,1.57,+1.87%,84.05,85.55,84.05,325076,"13:07 ET"
PODD,"Insulet Corp",256.48,0.04000000000002,+0.02%,256.5,259.04,254.7869,185307,"13:07 ET"
POOL,"Pool Corp",341.34,-2.39,-0.70%,343.69,345.61,340,179453,"13:04 ET"
POST,"Post Holdings Inc",114.82,-0.19,-0.17%,114.88,116.04,113.46,226580,"13:05 ET"
PPC,"Pilgrim's Pride",47.83,-0.33,-0.69%,48.27,48.515,47.04,490663,"13:05 ET"
PPG,"PPG Industries",120.13,-1.12,-0.92%,120.97,122,119.58,862489,"13:07 ET"
PPL,"PPL Corp",32.11,0.52,+1.65%,31.54,32.14,31.52,1092020,"13:06 ET"
PR,"Permian Resources Corp",13.53,0.0099999999999998,+0.07%,13.78,13.85,13.51,2211731,"13:05 ET"
PRGO,"Perrigo Company",25.42,-0.02,-0.08%,25.53,25.91,25.16,468437,"13:07 ET"
PRI,"Primerica Inc",266.59,-0.5,-0.19%,269,271.46,266.22,98137,"13:07 ET"
PRU,"Prudential Financial Inc",115.64,1.05,+0.92%,116.3,117.17,115.34,515647,"13:06 ET"
PSA,"Public Storage",293.99,-5.89,-1.96%,298.85,302.35,292.6,281038,"13:07 ET"
PSN,"Parsons Corp",94.7,-0.21,-0.22%,95.42,96.42,94.23,200908,"13:06 ET"
PSTG,"Pure Storage Inc",61.79,-0.8,-1.28%,62.92,63.64,61.01,1655171,"13:07 ET"
PSX,"Phillips 66",109.57,-2.29,-2.05%,112.3,112.59,109.6125,1032590,"13:06 ET"
PTC,"Ptc Inc",188.06,-0.77,-0.41%,190.19,192.05,187.7,201361,"13:06 ET"
PVH,"Phillips-Van Heusen Corp",103.8,-2.26,-2.13%,107,107.6479,103.2,289581,"13:02 ET"
PWR,"Quanta Services",320.25,-0.37,-0.12%,324.9,328.6797,319.21,356195,"13:07 ET"
PYCR,"Paycor Hcm Inc",19.37,-0.21,-1.07%,19.79,20.13,19.185,366024,"13:05 ET"
PYPL,"Paypal Holdings",86.39,0.94,+1.10%,86.28,88.42,86.22,4235291,"13:07 ET"
QCOM,"Qualcomm Inc",150.57,-2.48,-1.62%,154.03,155.47,150.4,3448071,"13:06 ET"
QDEL,"Quidelortho Corp",42.37,-0.09,-0.21%,42.46,42.915,41.64,320967,"13:05 ET"
QGEN,"Qiagen N.V.",44.2,0.15000000000001,+0.34%,44.52,44.65,44.2,628844,"13:03 ET"
QRVO,"Qorvo Inc",68.72,0.22,+0.32%,68.69,69.73,68.41,1740657,"13:06 ET"
QS,"Quantumscape Corp",4.82,-0.26,-5.12%,5.11,5.2573,4.82,13165325,"13:07 ET"
R,"Ryder System",155.99,-0.31,-0.20%,158.09,161.0125,155.95,77393,"13:02 ET"
RARE,"Ultragenyx Pharmaceu",42.68,-0.26,-0.61%,42.96,44,41.45,489396,"13:02 ET"
RBA,"Rb Global Inc",91.08,0.25,+0.28%,91.43,92.2,91.24,314507,"13:07 ET"
RBC,"RBC Bearings Inc",313.32,1.2,+0.38%,314.54,323.175,313.12,129384,"13:06 ET"
RBLX,"Roblox Corp Cl A",58.67,-0.13,-0.22%,58.33,59.565,57.88,2997260,"13:06 ET"
RCL,"Royal Caribbean Cruises Ltd",228.44,-1.09,-0.47%,233.29,235.75,227.9,694988,"13:07 ET"
REG,"Regency Centers Corp",73.86,0.65000000000001,+0.89%,72.8,74.07,72.37,557544,"13:07 ET"
REGN,"Regeneron Pharmaceuticals",705.15,-9.47,-1.33%,711,714.05,693,475303,"13:06 ET"
REXR,"Rexford Industrial Realty Inc",38.07,-0.04,-0.10%,38.27,38.64,37.86,985268,"13:05 ET"
REYN,"Reynolds Consumer Products Inc",27.4,0.009999999999998,+0.04%,27.5,27.625,27.3,164297,"13:04 ET"
RF,"Regions Financial Corp",23.15,-0.14,-0.60%,23.58,23.78,23.165,2900933,"13:07 ET"
RGA,"Reinsurance Group of America Inc",204.98,3.72,+1.85%,203.03,205.85,202.2575,214949,"13:05 ET"
RGEN,"Repligen Corp",145.83,-1.51,-1.02%,147.26,148.0928,143.91,172024,"13:05 ET"
RGLD,"Royal Gold Inc",133.92,-1.73,-1.28%,136.61,137.74,133.829,175578,"13:03 ET"
RH,"Rh Common Stock",383.6,-12.79,-3.23%,401.57,402.345,382.295,448954,"13:06 ET"
RHI,"Robert Half Inc",70.85,-0.53,-0.74%,71.61,72.185,70.27,207541,"13:06 ET"
RITM,"Rithm Capital Corp",10.72,0.020000000000001,+0.19%,10.82,10.995,10.69,1999914,"13:03 ET"
RIVN,"Rivian Automotive Inc Cl A",12.9,-0.16,-1.23%,13.47,13.75,12.8,17955838,"13:07 ET"
RJF,"Raymond James Financial",150.09,-2.33,-1.53%,154.58,154.6347,150.01,525455,"13:07 ET"
RKT,"Rocket Companies Inc Cl A",11.61,0.029999999999999,+0.26%,11.49,11.78,11.33,2396118,"13:01 ET"
RL,"Ralph Lauren Corp",221.73,0.53999999999999,+0.24%,223.65,224.7231,221.15,200526,"13:05 ET"
RLI,"Rli Corp",166,1.94,+1.18%,164.98,167.04,164.14,63147,"13:05 ET"
RMD,"Resmed Inc",230.63,0.41999999999999,+0.18%,231.67,235.5,230.01,202128,"13:07 ET"
RNG,"Ringcentral Inc",36.6,-1.07,-2.84%,37.99,38.29,36.61,300893,"13:07 ET"
RNR,"Renaissancere Holdings Ltd",250.06,8.09,+3.34%,242.61,250.385,242.58,278512,"13:06 ET"
ROIV,"Roivant Sciences Ltd",11.53,-0.16,-1.37%,11.72,11.78,11.48,3371694,"13:02 ET"
ROK,"Rockwell Automation Inc",281.82,-5.87,-2.04%,290.52,293.8,279.86,500265,"13:07 ET"
ROKU,"Roku Inc",77.64,-0.85,-1.08%,79.84,80.7333,77.33,1106267,"13:06 ET"
ROL,"Rollins Inc",46.99,-0.19,-0.40%,47.03,47.5,46.74,472664,"13:07 ET"
ROP,"Roper Industries",524.04,-2.68,-0.51%,528.56,532.685,523.6,171436,"13:07 ET"
ROST,"Ross Stores Inc",148.4,-0.2,-0.13%,148.54,149.45,147.84,660412,"13:07 ET"
RPM,"RPM International Inc",125.49,-1.,-0.79%,126.83,127.82,125.6,251899,"13:06 ET"
RPRX,"Royalty Pharma Plc Cl A",24.28,-0.19,-0.78%,24.24,24.475,24.05,1841185,"13:07 ET"
RRC,"Range Resources Corp",32.94,0.019999999999996,+0.06%,33.63,33.665,32.93,555717,"13:07 ET"
RRX,"Regal Rexnord Corp",154.97,-1.56,-1.00%,158.52,160.41,153.65,227204,"13:02 ET"
RS,"Reliance Inc",263.63,-4.84,-1.80%,269.24,272.5,262.675,169262,"13:05 ET"
RSG,"Republic Services",204.93,1.47,+0.72%,203.17,205.22,202.47,354648,"13:06 ET"
RTX,"Rtx Corp",115.82,1.37,+1.20%,115.7,117.25,115.25,1510212,"13:07 ET"
RVTY,"Revvity Inc",110.12,0.98,+0.90%,109,110.51,107.64,248196,"13:06 ET"
RYAN,"Ryan Specialty Hldgs Inc",63.47,-0.26,-0.41%,63.8,64.3951,63.45,362904,"13:06 ET"
RYN,"Rayonier Inc REIT",26.63,-0.25,-0.93%,26.9,27.03,26.63,215644,"13:05 ET"
S,"Sentinelone Inc Cl A",22.28,0.23,+1.04%,23.25,23.37,22.21,3470529,"13:07 ET"
SAIA,"Saia Inc",496.82,-13.87,-2.72%,515.62,527.23,494.95,90461,"13:03 ET"
SAIC,"Science Applications International",109.13,-1.99,-1.79%,111.73,112.58,109,251953,"13:02 ET"
SAM,"Boston Beer Company",307.45,4.46,+1.47%,303.44,308.3,299.91,28556,"13:04 ET"
SBAC,"SBA Communications",200.17,-0.89,-0.44%,200.04,201.145,197.16,755594,"13:07 ET"
SBUX,"Starbucks Corp",89.87,-0.03,-0.03%,90.24,91.58,89.5101,6282427,"13:07 ET"
SCCO,"Southern Copper Corp",91.58,-1.38,-1.48%,93.3,93.905,91.44,394596,"13:06 ET"
SCHW,"The Charles Schwab Corp",74.14,0.17,+0.23%,74.52,75.1611,73.975,3028143,"13:07 ET"
SCI,"Service Corp International",82.26,0.02000000000001,+0.02%,82.59,83.35,82.13,200030,"13:07 ET"
SEB,"Seaboard Corp",2438.67,-27.3,-1.11%,2467,2479.3501,2413.0012,1879,"13:00 ET"
SEE,"Sealed Air Corp",33.94,-0.38,-1.11%,34.31,34.735,34.02,435364,"13:07 ET"
SEG,"Seaport Entertainment Group Inc",27.2,-0.8,-2.86%,27.86,28.3766,27.27,23507,"12:55 ET"
SEIC,"Sei Investments Company",81.54,0.78,+0.97%,81.57,82.315,81.385,180135,"13:04 ET"
SF,"Stifel Financial Corp",102.16,-0.16,-0.16%,103.47,105.76,102.14,321252,"13:05 ET"
SHC,"Sotera Health Company",13.14,-0.06,-0.45%,13.2,13.41,13.04,370744,"13:06 ET"
SHW,"Sherwin-Williams Company",343.3,-5.36,-1.54%,348.99,349.91,342.18,857286,"13:03 ET"
SIRI,"Siriusxm Holdings Inc",20.72,-0.79,-3.67%,21.51,21.6,20.61,5312854,"13:07 ET"
SITE,"Siteone Landscape Supply",132.89,-2.52,-1.86%,135.82,137.39,133.11,155349,"13:04 ET"
SJM,"J.M. Smucker Company",109.74,-0.49,-0.44%,109.47,110.616,108.56,359170,"13:06 ET"
SKX,"Skechers U.S.A.",65.68,-0.38,-0.58%,66.61,66.93,65.715,567822,"13:06 ET"
SLB,"Schlumberger N.V.",36.66,-0.67,-1.79%,37.74,37.86,36.5192,7322661,"13:07 ET"
SLGN,"Silgan Holdings",52.01,-0.15,-0.29%,52.64,53.09,51.88,150823,"13:05 ET"
SLM,"SLM Corp",27.17,0.3,+1.12%,27.31,27.95,27.11,1820940,"13:07 ET"
SMAR,"Smartsheet Inc Cl A",56.01,0.049999999999997,+0.09%,56.04,56.09,55.95,1516373,"13:02 ET"
SMCI,"Super Micro Computer",31.56,-0.67,-2.08%,32.915,33.47,30.82,26255326,"13:07 ET"
SMG,"Scotts Miracle-Gro Company",66.9,-1.6,-2.34%,68.9,69.51,66.91,208532,"13:06 ET"
SN,"Sharkninja Inc",95.21,0.28999999999999,+0.31%,95.78,97.88,94.54,410620,"13:03 ET"
SNA,"Snap-On Inc",337.64,-0.63,-0.19%,340.91,343.04,337.765,96598,"13:02 ET"
SNDR,"Schneider National Inc",29.23,-0.17,-0.58%,29.59,29.94,29.13,154294,"13:05 ET"
SNOW,"Snowflake Inc Cl A",163.79,1.2,+0.74%,164.5,165.7514,160.65,3115293,"13:07 ET"
SNPS,"Synopsys Inc",496.43,2,+0.40%,502.39,509.98,494.5436,435260,"13:07 ET"
SNV,"Synovus Financial Corp",49.45,-0.58,-1.16%,51.03,51.395,49.57,437019,"13:07 ET"
SNX,"Synnex Corp",116.55,0.060000000000002,+0.05%,117.32,118.11,115.63,172944,"13:04 ET"
SO,"Southern Company",82.67,1.17,+1.44%,81.5,82.65,81.38,1139677,"13:06 ET"
SOFI,"Sofi Technologies Inc",15.02,-0.22,-1.44%,15.72,15.99,14.92,27074633,"13:07 ET"
SOLV,"Solventum Corporation",66.88,-0.01,-0.01%,67.09,67.76,66.32,340514,"13:04 ET"
SON,"Sonoco Products",50.38,1.32,+2.69%,49.63,51.4799,49.2,750205,"13:02 ET"
SPB,"Spectrum Brands Holdings Inc",85.38,-0.89,-1.03%,86.3,87.31,85.4,67084,"13:02 ET"
SPG,"Simon Property Group",171.58,0.070000000000022,+0.04%,172.59,174.24,171.03,585304,"13:06 ET"
SPGI,"S&P Global Inc",487.64,-2.49,-0.51%,492.94,495.5,485.9866,419299,"13:07 ET"
SPOT,"Spotify Technology S.A.",451.34,2.69,+0.60%,453.92,460.78,450.37,932945,"13:04 ET"
SPR,"Spirit Aerosystems Holdings",32.96,0.11,+0.33%,32.98,33.56,32.87,482309,"13:04 ET"
SQ,"Block Inc",87.65,0.35000000000001,+0.40%,90.08,91.81,87.3,4297681,"13:07 ET"
SRE,Sempra,86.2,1.11,+1.30%,85.33,86.22,85.1,1025750,"13:07 ET"
SRPT,"Sarepta Therapeutics",118.67,-1.58,-1.31%,120.53,122.5,117.97,170074,"13:05 ET"
SSD,"Simpson Manufacturing Company",170.52,-1.28,-0.75%,172.55,173.345,170.24,89653,"13:06 ET"
SSNC,"SS&C Technologies",73.9,0.25,+0.34%,73.86,74.85,73.7905,490230,"13:07 ET"
ST,"Sensata Technologies Holding N.V.",27.23,-0.94,-3.34%,28.35,28.65,27.21,753599,"13:07 ET"
STAG,"Stag Industrial Inc",33.7,-0.27,-0.79%,34.02,34.36,33.51,390246,"13:07 ET"
STE,"Steris Corp",203.95,-3.06,-1.48%,204.94,206.79,202.72,240017,"13:03 ET"
STLD,"Steel Dynamics Inc",115.37,-1.39,-1.19%,117.21,119.14,114.79,636140,"13:07 ET"
STT,"State Street Corp",95.93,1.19,+1.26%,95.7,96.76,95.52,738027,"13:07 ET"
STWD,"Starwood Property Trust",19.27,0.099999999999998,+0.52%,19.52,19.6399,19.14,1653898,"13:06 ET"
STZ,"Constellation Brands Inc",227.99,-0.32,-0.14%,228,231.86,227.13,818619,"13:06 ET"
SUI,"Sun Communities",122.52,2.11,+1.75%,120,122.71,120,607066,"13:07 ET"
SW,"Smurfit Westrock Plc",51.46,-0.28,-0.54%,52.13,52.45,51.37,973403,"13:07 ET"
SWK,"Stanley Black & Decker Inc",78.86,-0.21,-0.27%,80.46,81.24,79.023,792428,"13:06 ET"
SWKS,"Skyworks Solutions",88.75,0.090000000000003,+0.10%,88.96,89.86,88.35,881419,"13:07 ET"
SYF,"Synchrony Financial",63.75,0.16,+0.25%,66.77,67.945,63.84,1870549,"13:07 ET"
SYK,"Stryker Corp",356.46,-2.71,-0.75%,359.31,363.06,356.3,691276,"13:06 ET"
SYY,"Sysco Corp",76.8,-0.28,-0.36%,76.83,77.555,76.41,759899,"13:07 ET"
T,"AT&T Inc",22.55,0.07,+0.31%,22.505,22.68,22.41,17340820,"13:05 ET"
TAP,"Molson Coors Brewing Company",58.56,0.24,+0.41%,58.44,58.8,58.09,421330,"13:07 ET"
TDC,"Teradata Corp",32.08,0.45,+1.42%,31.81,32.29,31.658,213386,"13:02 ET"
TDG,"Transdigm Group Inc",1254.2,15.2,+1.23%,1250,1262.57,1246.7,147533,"13:07 ET"
TDY,"Teledyne Technologies Inc",462.39,3.95,+0.86%,458.64,465.92,457.54,92557,"13:02 ET"
TEAM,"Atlassian Corp",250.47,0.28,+0.11%,255.57,259.15,249.4,883336,"13:06 ET"
TECH,"Bio-Techne Corp",70.75,-0.66,-0.92%,71.47,71.4725,69.48,242083,"13:05 ET"
TER,"Teradyne Inc",125.79,2.02,+1.63%,127.89,130.1,124.84,1400414,"13:07 ET"
TFC,"Truist Financial Corp",42.55,-0.56,-1.30%,43.6,43.86,42.72,2596258,"13:07 ET"
TFSL,"Tfs Financial Corp",12.56,-0.06,-0.48%,12.75,12.92,12.59,179605,"13:06 ET"
TFX,"Teleflex Inc",173.88,1.22,+0.71%,172.01,175.325,171.69,214048,"13:07 ET"
TGT,"Target Corp",130.96,0.26000000000002,+0.20%,131,131.9999,130.61,1604401,"13:07 ET"
THC,"Tenet Healthcare Corp",125.63,-1.83,-1.44%,126.97,129.01,125.23,398725,"13:05 ET"
THG,"The Hanover Insurance Group",153.22,3.12,+2.08%,150.82,153.42,150.82,52669,"13:03 ET"
THO,"Thor Industries",95.79,-1.05,-1.08%,97.6,98.415,95.16,188673,"13:04 ET"
TJX,"TJX Companies",121.38,0.14,+0.12%,122.41,123.28,121.055,1886506,"13:07 ET"
TKO,"Tko Group Holdings Inc Cl A",142.41,0.27000000000001,+0.19%,147,147.35,141.31,370642,"13:05 ET"
TKR,"Timken Company",70.57,-1.43,-1.99%,72.56,73.49,70.55,151273,"13:01 ET"
TMO,"Thermo Fisher Scientific Inc",516.04,-0.14,-0.03%,518.72,522.4291,508.8553,874061,"13:07 ET"
TMUS,"T-Mobile US",219.95,-0.74,-0.34%,220.06,221.75,218.52,1431390,"13:07 ET"
TNL,"Travel + Leisure Co.",50.82,0.7,+1.40%,50.78,51.85,50.5,166845,"13:02 ET"
TOL,"Toll Brothers Inc",122.61,-3.11,-2.47%,122.51,125,120.77,1118598,"13:06 ET"
TOST,"Toast Inc Cl A",35.79,-0.5,-1.38%,36.32,36.85,35.62,2336375,"13:07 ET"
TPG,"Tpg Inc Cl A",63.9,0.65,+1.03%,64.72,65.66,63.915,459838,"13:04 ET"
TPL,"Texas Pacific Land Trust",1101.42,-13.04,-1.17%,1138,1149,1095.8501,52072,"13:07 ET"
TPR,"Tapestry Inc",62.5,0.42,+0.68%,64.13,64.72,62.455,2431957,"13:07 ET"
TPX,"Tempur-Pedic International Inc",55.02,-0.05,-0.09%,55.15,55.92,54.78,606301,"13:06 ET"
TREX,"Trex Company",70.48,-1.18,-1.65%,71.66,73,70.36,935431,"13:05 ET"
TRGP,"Targa Resources",171.37,-0.57,-0.33%,174.41,176.94,171.19,823413,"13:07 ET"
TRIP,"Tripadvisor Inc",13.89,0.94,+7.26%,14.39,14.59,13.645,4839903,"13:07 ET"
TRMB,"Trimble Navigation",70.59,-0.1,-0.14%,70.88,71.58,70.585,561947,"13:07 ET"
TROW,"T Rowe Price Group",113.02,0.19,+0.17%,114.02,114.52,112.53,594789,"13:07 ET"
TRU,Transunion,91.98,-0.81,-0.87%,93.5,95,91.67,497677,"13:03 ET"
TRV,"The Travelers Companies Inc",237.95,1.92,+0.81%,237.53,239.33,236.26,294225,"13:06 ET"
TSCO,"Tractor Supply Company",263.08,-2.11,-0.80%,265.03,266.81,262.38,532429,"13:04 ET"
TSLA,"Tesla Inc",428.99,-11.14,-2.53%,451.88,456.36,420.02,74689329,"13:07 ET"
TSN,"Tyson Foods",58.62,-0.34,-0.58%,58.72,58.96,57.82,759476,"13:07 ET"
TT,"Trane Technologies Plc",377.52,-0.93,-0.25%,382.3,385.84,377.035,477234,"13:06 ET"
TTC,"Toro Company",81.25,-0.19,-0.23%,81.96,83.13,80.6,406511,"13:06 ET"
TTD,"Trade Desk Inc",127.33,-0.6,-0.47%,130.16,130.4,126.1201,1770006,"13:07 ET"
TTEK,"Tetra Tech Inc",40.12,-0.65,-1.59%,40.83,41.52,40.03,893166,"13:07 ET"
TTWO,"Take-Two Interactive",181.55,-0.35,-0.19%,183.5,184.49,181.16,408487,"13:07 ET"
TW,"Tradeweb Markets Inc",131.05,0.61000000000001,+0.47%,130.15,131.7621,130,217181,"13:06 ET"
TWLO,Twilio,105.32,-0.14,-0.13%,106.4,107.4,104.75,917150,"13:07 ET"
TXG,"10X Genomics Inc",13.22,-0.2,-1.49%,13.71,13.73,13.2,522861,"13:06 ET"
TXN,"Texas Instruments",185.09,0.090000000000003,+0.05%,186.89,187.36,184.6292,1937952,"13:07 ET"
TXRH,"Texas Roadhouse Inc",182.37,3.42,+1.91%,183.96,185.865,182.26,383007,"13:06 ET"
TXT,"Textron Inc",75.85,-0.26,-0.34%,76.46,77.2,75.76,416878,"13:07 ET"
TYL,"Tyler Technologies",593.68,2.5,+0.42%,593.95,598.0067,587.03,99330,"13:02 ET"
U,"Unity Software Inc",21.93,-0.41,-1.84%,22.5,23.24,21.855,4235857,"13:07 ET"
UA,"Under Armour Inc Cl C",7.59,-0.1,-1.30%,7.74,7.8,7.585,906288,"13:01 ET"
UAA,"Under Armour",8.43,-0.04,-0.47%,8.57,8.6292,8.415,2936879,"13:06 ET"
UAL,"United Airlines Holdings Inc",94.43,2.96,+3.24%,92.75,95.63,92.725,3072322,"13:07 ET"
UBER,"Uber Technologies Inc",60.13,-1.1,-1.80%,61.85,62.31,60.18,13896963,"13:07 ET"
UDR,"United Dominion Realty Trust",43.17,0.22,+0.51%,42.98,43.66,42.92,485677,"13:07 ET"
UGI,"Ugi Corp",27.11,0.37,+1.38%,26.85,27.31,26.81,939453,"13:06 ET"
UHAL,"U-Haul Holding Company",67.85,-0.41,-0.60%,68.94,69.25,67.705,36759,"13:00 ET"
UHA.B,"U-Haul Holding Series N Non-Voting",62.17,-0.34,-0.54%,62.84,63.897,62.035,104520,"13:02 ET"
UHS,"Universal Health Services",176.2,-1.33,-0.75%,177.02,178.81,175.35,547088,"13:07 ET"
UI,"Ubiquiti Networks",330.64,4.15,+1.27%,331.38,339.36,330.89,34400,"13:06 ET"
ULTA,"Ulta Beauty Inc",423.71,7.11,+1.71%,420.86,427.75,419.78,276401,"13:03 ET"
UNH,"Unitedhealth Group Inc",490.63,-9.09,-1.82%,500.14,503.65,486.24,3314532,"13:06 ET"
UNM,"Unumprovident Corp",70.93,0.42,+0.60%,72,72.3566,70.68,564434,"13:07 ET"
UNP,"Union Pacific Corp",224.15,-0.39,-0.17%,224.42,226.6,223.25,955186,"13:06 ET"
UPS,"United Parcel Service",122.45,-1.37,-1.11%,124.07,124.66,122.36,2295126,"13:06 ET"
URI,"United Rentals",711.83,-12.32,-1.70%,735.57,739.98,713.02,213028,"13:07 ET"
USB,"U.S. Bancorp",47.49,-0.12,-0.25%,48.27,48.5473,47.58,3066707,"13:07 ET"
USFD,"US Foods Holding",66.88,0.16,+0.24%,66.86,67.47,66.455,535574,"13:07 ET"
UTHR,"United Therapeutic",359,1.45,+0.41%,357.55,360.92,350.6,92768,"13:02 ET"
UWMC,"Uwm Hldg Corp",5.51,-0.13,-2.30%,5.68,5.74,5.44,1777168,"13:07 ET"
V,"Visa Inc",315,5.22,+1.69%,311.83,316.87,311.23,2903640,"13:07 ET"
VAC,"Marriot Vacations Worldwide Cor",89.08,0.89999999999999,+1.02%,89.23,89.94,88.5,82825,"13:07 ET"
VEEV,"Veeva Systems Inc",219.06,-2.48,-1.12%,222.06,226.95,218.1105,335075,"13:07 ET"
VFC,"V.F. Corp",21.73,-0.52,-2.34%,22.23,22.38,21.525,3246107,"13:06 ET"
VICI,"Vici Properties Inc",28.64,-0.27,-0.93%,28.88,29.17,28.545,2281375,"13:07 ET"
VIRT,"Virtu Financial Cm A",34.8,0.059999999999995,+0.17%,35.14,35.5,34.721,257355,"13:04 ET"
VKTX,"Viking Thera",40.39,2.11,+5.51%,39.55,41.31,38.9,3641795,"13:07 ET"
VLO,"Valero Energy Corp",117.76,-3.98,-3.27%,123,123,117.64,1407618,"13:06 ET"
VLTO,"Veralto Corporation",101.05,-0.18,-0.18%,101.06,102.52,100,633696,"13:05 ET"
VMC,"Vulcan Materials Company",260.6,-4.29,-1.62%,265.85,267.62,260.26,237874,"13:06 ET"
VMI,"Valmont Industries",305.84,-6.11,-1.96%,314.52,317.93,306.83,48752,"13:00 ET"
VNO,"Vornado Realty Trust",40.52,-0.27,-0.66%,41.24,41.7999,40.415,667311,"13:07 ET"
VNOM,"Viper Energy Inc",48.23,-0.03,-0.06%,49.18,49.76,48.16,290556,"13:04 ET"
VNT,"Vontier Corp",36.54,-0.41,-1.11%,37.17,37.345,36.51,223837,"13:05 ET"
VOYA,"VOYA Financial Inc",66.65,0.72,+1.09%,66.46,67.33,65.95,394324,"13:01 ET"
VRSK,"Verisk Analytics Inc",275.81,0.25,+0.09%,273.85,277.75,273.85,183732,"13:07 ET"
VRSN,"Verisign Inc",193.58,2.14,+1.12%,191.12,193.88,191.12,145479,"13:07 ET"
VRT,"Vertiv Holdings Llc.",114.41,0.28999999999999,+0.25%,117.21,117.69,112.9142,3878440,"13:07 ET"
VRTX,"Vertex Pharmaceutic",389.27,-58.23,-13.01%,391,403.6,377.85,5030725,"13:06 ET"
VST,"Vistra Energy Corp",137.37,4.48,+3.37%,134.61,139.7299,133.32,3149527,"13:07 ET"
VSTS,"Vestis Corporation",15.25,-0.47,-2.99%,15.75,15.86,15.33,942784,"13:06 ET"
VTR,"Ventas Inc",58.62,-0.08,-0.14%,58.82,59.66,58.455,1210930,"13:07 ET"
VTRS,"Viatris Inc",12.14,-0.12,-0.98%,12.23,12.379,12.07,2470374,"13:07 ET"
VVV,"Valvoline Inc",36.36,-0.42,-1.14%,36.91,36.96,36.105,477561,"13:07 ET"
VZ,"Verizon Communications Inc",40.21,-0.03,-0.07%,40.05,40.46,39.93,7252169,"13:07 ET"
W,"Wayfair Inc",43.81,-1.64,-3.61%,46.01,46.49,43.21,2540989,"13:07 ET"
WAB,"Wabtec Corp",189.43,-0.84,-0.44%,192.19,193.365,189.3,318225,"13:07 ET"
WAL,"Western Alliance Bancorp",83.47,-0.27,-0.32%,85.07,86.49,82.93,568239,"13:04 ET"
WAT,"Waters Corp",356.13,-4.3,-1.19%,359.17,361.985,354.37,130813,"13:06 ET"
WBA,"Walgreens Boots Alliance",9.44,-0.26,-2.68%,9.61,9.77,9.3,9109941,"13:06 ET"
WBD,"Discovery Inc Series A",10.64,0.0099999999999998,+0.09%,10.7,10.765,10.42,15195159,"13:07 ET"
WBS,"Webster Financial Corp",54.15,-0.39,-0.72%,55.69,56,54.22,330926,"13:07 ET"
WCC,"Wesco International",173.54,-2.16,-1.23%,177.69,179.87,173.7901,232156,"13:05 ET"
WDAY,"Workday Inc",266.49,-2.44,-0.91%,271.43,274.2,264.88,1617571,"13:07 ET"
WDC,"Western Digital Corp",59.78,-3.76,-5.92%,61.92,62.31,60,5665646,"13:07 ET"
WEC,"Wisconsin Energy Corp",94.27,1.33,+1.43%,93.1,94.225,92.5203,500436,"13:07 ET"
WELL,"Welltower Inc",125.49,-0.1,-0.08%,125.98,128.38,125.2,1035082,"13:05 ET"
WEN,"Wendys Company",16.58,-0.1,-0.60%,16.78,16.85,16.56,1268021,"13:06 ET"
WEX,"Wex Inc",166.73,-1.17,-0.70%,168.9,169.47,166.1,110785,"13:05 ET"
WFC,"Wells Fargo & Company",68.8,0.039999999999992,+0.06%,69.4,70.69,68.8,4996294,"13:06 ET"
WFRD,"Weatherford International Plc",68.8,-1.06,-1.52%,71.11,71.42,68.76,355269,"13:05 ET"
WH,"Wyndham Hotels & Resorts Inc",98.93,0.49000000000001,+0.50%,99.28,100.87,99.03,271515,"13:07 ET"
WHR,"Whirlpool Corp",113.48,-1.96,-1.70%,115.82,117.3871,113.1,247698,"13:05 ET"
WING,"Wingstop Inc",291.23,10.14,+3.61%,288.18,290.8,283.44,365150,"13:07 ET"
WLK,"Westlake Corp",113.74,-1.8,-1.56%,115.41,116.96,113.66,413153,"13:06 ET"
WM,"Waste Management",206.39,0.95999999999998,+0.47%,205.01,207.8849,204.55,721393,"13:06 ET"
WMB,"Williams Companies",52.46,0.45,+0.87%,52.71,52.88,51.89,3057176,"13:07 ET"
WMS,"Advanced Drainage Systems Inc",115.26,-1.45,-1.24%,116.6,119.19,114.65,353725,"13:06 ET"
WMT,"Walmart Inc",93.64,0.090000000000003,+0.10%,94.48,94.565,93.36,7073048,"13:07 ET"
WOLF,"Wolfspeed Inc",7.01,-0.26,-3.58%,7.43,7.74,7.01,3878989,"13:07 ET"
WPC,"W.P. Carey & Company Llc",54.51,0.3,+0.55%,54.26,54.99,54,537458,"13:06 ET"
WRB,"W.R. Berkley Corp",58.37,0.5,+0.86%,57.97,58.49,57.775,420731,"13:07 ET"
WSC,"Willscot Holdings Corp",33.54,-0.66,-1.93%,34.35,34.56,33.41,1109168,"13:07 ET"
WSM,Williams-Sonoma,180.35,-5.72,-3.07%,185,186.42,178.65,1160439,"13:07 ET"
WSO,"Watsco Inc",484.08,-3.81,-0.78%,489.89,492.84,483.62,57651,"13:01 ET"
WST,"West Pharmaceutical Services",324.46,-0.86,-0.26%,325.11,329.695,319.74,198312,"12:58 ET"
WTFC,"Wintrust Financial Corp",123.55,-1.1,-0.88%,127.17,127.66,123.57,267065,"13:07 ET"
WTM,"White Mountains Insurance Group",1902.46,6.9200000000001,+0.37%,1932.65,1933,1889.04,24800,2024-12-19
WTRG,"Essential Utilities Inc",36.5,0.26,+0.72%,36.22,36.72,35.91,386270,"13:07 ET"
WTW,"Willis Towers Watson Public Ltd",310.58,3.03,+0.99%,306.51,311.14,306.51,210277,"13:07 ET"
WU,"Western Union Company",10.71,-0.04,-0.37%,10.79,10.9,10.7,2249043,"13:02 ET"
WWD,"Woodward Inc",166.5,-1.15,-0.69%,168.52,171.375,166.1911,140048,"13:03 ET"
WY,"Weyerhaeuser Company",27.48,-0.48,-1.72%,27.75,28.02,27.41,1706870,"13:07 ET"
WYNN,"Wynn Resorts Ltd",87.61,-1.09,-1.23%,90.62,90.62,87.36,678169,"13:06 ET"
X,"United States Steel Corp",31.32,0.34,+1.10%,31.08,31.87,30.87,2817883,"13:07 ET"
XEL,"XCEL Energy Inc",67.21,0.80999999999999,+1.22%,66.1,67.24,66.07,1088334,"13:07 ET"
XOM,"Exxon Mobil Corp",105.8,-0.62,-0.58%,107.39,107.67,105.7,6917817,"13:07 ET"
XP,"XP Inc Cl A",12.15,0.24,+2.02%,12.13,12.27,11.74,4608271,"13:06 ET"
XPO,"Xpo Inc",144.63,-2.86,-1.94%,148.95,150.71,144.61,512315,"13:07 ET"
XRAY,"Dentsply Sirona Inc",18.41,-0.27,-1.45%,18.77,18.965,18.34,860490,"13:06 ET"
XYL,"Xylem Inc",116.32,-0.6,-0.51%,117.44,118.92,116.13,524492,"13:04 ET"
YETI,"Yeti Holdings Inc",39.6,-1.17,-2.87%,41.82,42.0498,39.5285,630620,"13:06 ET"
YUM,"Yum! Brands",131.41,-0.05,-0.04%,131.24,132.66,130.55,538468,"13:07 ET"
Z,"Zillow Group Cl C",75,-0.47,-0.62%,76.37,77.21,74.8,1227355,"13:06 ET"
ZBH,"Zimmer Biomet Holdings",105.48,-0.38,-0.36%,105.12,106.25,104.47,509804,"13:07 ET"
ZBRA,"Zebra Technologies",385.24,1.77,+0.46%,384.44,391.3552,384.44,138539,"13:05 ET"
"Downloaded from Barchart.com as of 12-19-2024 12:07pm CST"
